Submission id,Participant id,Status,Started at,Completed at,Reviewed at,Archived at,Time taken,Completion code,Total approvals,Age,Sex,Ethnicity simplified,Country of birth,Country of residence,Nationality,Language,Student status,Employment status
652df7c4f5631ee1f2281eba,613d2a7208f243bb8693418e,APPROVED,2023-10-17T02:56:04.240000Z,2023-10-17T03:00:40.942000Z,2023-10-17T03:00:41.527000Z,2023-10-17T03:00:41.445959Z,277.0,CCO8OLX8,226,34,Male,Other,Mexico,Mexico,Mexico,Spanish,No,Full-Time
652df7ce512eac04aefdeb83,63f148d5e42992d5bd3a2d61,APPROVED,2023-10-17T02:56:14.528000Z,2023-10-17T03:02:00.907000Z,2023-10-17T03:02:01.515000Z,2023-10-17T03:02:01.443282Z,347.0,CCO8OLX8,36,26,Male,Asian,India,United Kingdom,India,English,No,Part-Time
652df7de44d400e09d804767,607760884d66833ee83aa987,APPROVED,2023-10-17T02:56:30.912000Z,2023-10-17T03:05:21.186000Z,2023-10-17T03:05:21.794000Z,2023-10-17T03:05:21.736265Z,531.0,CCO8OLX8,107,32,Male,White,Slovakia,Hungary,Hungary,Hungarian,No,Due to start a new job within the next month
652df7e4e9b98dec717c25f8,651829bea42b62b2aef0d41c,APPROVED,2023-10-17T02:56:40.884000Z,2023-10-17T03:02:13.079000Z,2023-10-17T03:02:13.685000Z,2023-10-17T03:02:13.622553Z,333.0,CCO8OLX8,13,22,Male,White,Canada,Canada,Canada,English,No,Other
652df7eb4fe78a4e13c63d24,64eebd7fddf76c686ac9e56d,APPROVED,2023-10-17T02:57:04.218000Z,2023-10-17T03:01:24.048000Z,2023-10-17T03:01:24.627000Z,2023-10-17T03:01:24.521565Z,260.0,CCO8OLX8,14,21,Male,Other,Chile,Chile,Chile,Spanish,Yes,Other
652df81171e2c9767bcfad9f,614cd51715e662889e0211a0,APPROVED,2023-10-17T02:57:21.593000Z,2023-10-17T03:07:44.717000Z,2023-10-17T03:07:45.283000Z,2023-10-17T03:07:45.221747Z,624.0,CCO8OLX8,96,22,Female,Black,South Africa,South Africa,South Africa,English,DATA_EXPIRED,DATA_EXPIRED
652df8243c7af9c94b06e5a2,60a53519043904037bac8c91,APPROVED,2023-10-17T02:57:49.686000Z,2023-10-17T03:09:25.086000Z,2023-10-17T03:09:25.639000Z,2023-10-17T03:09:25.576604Z,696.0,CCO8OLX8,166,50,Female,Black,Zimbabwe,South Africa,Zimbabwe,English,DATA_EXPIRED,DATA_EXPIRED
652df826988381bd90608d9b,614e7ae8bd304fe78b7529be,APPROVED,2023-10-17T02:57:42.341000Z,2023-10-17T03:14:32.377000Z,2023-10-17T03:14:33.040000Z,2023-10-17T03:14:32.980088Z,1011.0,CCO8OLX8,99,23,Female,White,Mexico,Mexico,Mexico,Spanish,DATA_EXPIRED,DATA_EXPIRED
652df82b3c7af9c94b06e5a6,60e0fc6ba2a0b43c2e64fefb,APPROVED,2023-10-17T02:58:04.107000Z,2023-10-17T03:16:05.382000Z,2023-10-17T03:16:05.861000Z,2023-10-17T03:16:05.798795Z,1082.0,CCO8OLX8,167,30,Female,Black,South Africa,South Africa,South Africa,Other,No,DATA_EXPIRED
652df8301e72078f760ebc54,61483c4b10ea5d16c71d6b9e,APPROVED,2023-10-17T02:57:56.400000Z,2023-10-17T03:04:47.989000Z,2023-10-17T03:04:48.535000Z,2023-10-17T03:04:48.473020Z,412.0,CCO8OLX8,27,23,Male,White,Chile,Chile,Chile,Spanish,No,Full-Time
652df83a4c09de45631eaedb,60e4a5d4b0e40567e60146e4,APPROVED,2023-10-17T02:58:34.792000Z,2023-10-17T03:05:45.576000Z,2023-10-17T03:05:46.074000Z,2023-10-17T03:05:46.013885Z,431.0,CCO8OLX8,292,31,Male,Other,Mexico,Mexico,Mexico,English,Yes,Full-Time
652df851d86e80d24cba28bf,5c935050c719fc00147defbc,APPROVED,2023-10-17T02:58:39.708000Z,2023-10-17T03:05:24.705000Z,2023-10-17T03:05:25.248000Z,2023-10-17T03:05:25.166449Z,405.0,CCO8OLX8,175,36,Male,White,United States,Japan,United States,English,DATA_EXPIRED,DATA_EXPIRED
652df852e757a356441e6ba6,5f27f9f7119cde0008a93be7,APPROVED,2023-10-17T02:58:36.670000Z,2023-10-17T03:09:30.237000Z,2023-10-17T03:09:30.799000Z,2023-10-17T03:09:30.714337Z,654.0,CCO8OLX8,376,30,Male,Black,South Africa,South Africa,South Africa,English,Yes,Full-Time
652df857a720424a4ccac043,6106be7d513dcab805d524b8,APPROVED,2023-10-17T02:58:31.839000Z,2023-10-17T03:07:03.547000Z,2023-10-17T03:07:04.177000Z,2023-10-17T03:07:04.116458Z,512.0,CCO8OLX8,30,24,Female,Black,South Africa,South Africa,South Africa,English,Yes,Part-Time
652df859d2953cf4ca4ab350,61563a4b0def9000ccc976ec,APPROVED,2023-10-17T02:58:33.703000Z,2023-10-17T03:00:43.107000Z,2023-10-17T15:20:28.499000Z,2023-10-17T03:00:43.602675Z,130.0,NOCODE,345,29,Female,Black,South Africa,South Africa,South Africa,English,Yes,Full-Time
652df85b05b4f7045106e85b,6010571dc1152033ac3bc4ca,APPROVED,2023-10-17T02:58:53.493000Z,2023-10-17T03:33:12.026000Z,2023-10-17T03:33:12.579000Z,2023-10-17T03:33:12.512531Z,2059.0,CCO8OLX8,854,27,Male,White,United Kingdom,United Kingdom,United Kingdom,English,No,Full-Time
652df870b420e85b8103d28b,5db5fa693d2b8e01654d351c,APPROVED,2023-10-17T02:58:56.902000Z,2023-10-17T03:03:38.158000Z,2023-10-17T03:03:38.733000Z,2023-10-17T03:03:38.672734Z,282.0,CCO8OLX8,1046,24,Male,Mixed,Canada,Canada,Canada,English,Yes,Other
652df871695c824cd43b9923,651033d039c135459ac83d8f,APPROVED,2023-10-17T02:58:57.519000Z,2023-10-17T03:04:59.185000Z,2023-10-17T03:05:03.857000Z,2023-10-17T03:05:00.693125Z,362.0,CCO8OLX8,8,35,Female,Other,Chile,Chile,Chile,Spanish,No,Unemployed (and job seeking)
652df87488e26fb76cc0532a,608ab8b9eb657a41933a4ec9,APPROVED,2023-10-17T03:07:11.580000Z,2023-10-17T03:12:24.492000Z,2023-10-17T03:12:30.073000Z,2023-10-17T03:12:24.993300Z,313.0,CCO8OLX8,214,29,Male,Mixed,Chile,Chile,Chile,Spanish,No,Full-Time
652df87bf597b7f30a43cfaf,60d78cd9ff61ba5de66359ea,APPROVED,2023-10-17T02:59:07.459000Z,2023-10-17T03:05:13.153000Z,2023-10-17T03:05:13.657000Z,2023-10-17T03:05:13.583823Z,366.0,CCO8OLX8,315,26,Male,White,Bulgaria,Greece,Bulgaria,Greek,No,Unemployed (and job seeking)
652df87b273233c4038560ce,649622da02d0cd201c80a0df,APPROVED,2023-10-17T02:59:07.854000Z,2023-10-17T03:05:19.198000Z,2023-10-17T03:05:19.793000Z,2023-10-17T03:05:19.698904Z,372.0,CCO8OLX8,50,30,Male,Mixed,Chile,Chile,Chile,Spanish,No,DATA_EXPIRED
652df87db420e85b8103d28d,5eb3a51f58efe718f5cffdb4,APPROVED,2023-10-17T02:59:09.071000Z,2023-10-17T03:06:59.973000Z,2023-10-17T03:07:00.528000Z,2023-10-17T03:07:00.462839Z,471.0,CCO8OLX8,464,30,Male,White,Chile,Chile,Chile,Spanish,No,Unemployed (and job seeking)
652df8b2a720424a4ccac050,5f3606241b69bd6437f86057,APPROVED,2023-10-17T03:00:25.443000Z,2023-10-17T03:18:53.096000Z,2023-10-17T03:18:53.665000Z,2023-10-17T03:18:53.595427Z,1108.0,CCO8OLX8,171,24,Female,Other,Mexico,Mexico,Mexico,Spanish,Yes,Full-Time
652df8b52ce6389d6554b875,5fc429047f2ae3825eb811a4,APPROVED,2023-10-17T03:00:05.952000Z,2023-10-17T03:05:51.436000Z,2023-10-17T03:05:52.004000Z,2023-10-17T03:05:51.935286Z,346.0,CCO8OLX8,376,23,Female,White,Chile,Chile,Chile,Spanish,Yes,Unemployed (and job seeking)
652df8cf2f6523dc5a3b9b26,60fd76f8fbbc23113b72821f,APPROVED,2023-10-17T03:00:36.010000Z,2023-10-17T03:06:06.425000Z,2023-10-17T03:06:07.083000Z,2023-10-17T03:06:06.986171Z,331.0,CCO8OLX8,135,23,Female,White,Canada,Canada,Canada,English,DATA_EXPIRED,DATA_EXPIRED
652df8d3bdb7756f2c021fe2,6164500233905f2bcfef016b,APPROVED,2023-10-17T03:00:35.223000Z,2023-10-17T03:15:00.413000Z,2023-10-17T03:15:01.007000Z,2023-10-17T03:15:00.943874Z,866.0,CCO8OLX8,151,22,Female,Other,Mexico,Mexico,Mexico,Spanish,Yes,Unemployed (and job seeking)
652df8e3d5a89fb7cc2310a3,613b7bdc3a329ab20c067d1a,APPROVED,2023-10-17T03:00:51.214000Z,2023-10-17T03:10:02.339000Z,2023-10-17T03:10:02.999000Z,2023-10-17T03:10:02.929322Z,552.0,CCO8OLX8,458,26,Male,Other,Mexico,Mexico,Mexico,Spanish,Yes,Part-Time
652df8e74fe78a4e13c63d54,60bec2d1325a7544ecaaaeae,APPROVED,2023-10-17T03:01:40.432000Z,2023-10-17T03:13:19.230000Z,2023-10-17T03:13:22.155000Z,2023-10-17T03:13:19.709568Z,699.0,CCO8OLX8,141,26,Female,White,Portugal,Portugal,Portugal,Portuguese,DATA_EXPIRED,DATA_EXPIRED
652df8ee7b918d7d09aca725,5b94bd5e24fca300016a9425,APPROVED,2023-10-17T03:01:02.051000Z,2023-10-17T03:13:22.952000Z,2023-10-17T15:20:28.808000Z,2023-10-17T03:13:23.430591Z,741.0,NOCODE,600,25,Male,Mixed,Mexico,Mexico,Mexico,Spanish,Yes,Full-Time
652df8f323d23c34ce1e6f5e,60e33263f1759a9611770793,APPROVED,2023-10-17T03:01:16.352000Z,2023-10-17T03:12:14.046000Z,2023-10-17T03:12:14.596000Z,2023-10-17T03:12:14.527218Z,658.0,CCO8OLX8,98,32,Female,Black,South Africa,South Africa,South Africa,English,DATA_EXPIRED,Part-Time
652df90aca4b277c82addb00,6148baf1d5974f3958c332d2,APPROVED,2023-10-17T03:01:30.612000Z,2023-10-17T03:07:46.661000Z,2023-10-17T03:07:47.174000Z,2023-10-17T03:07:47.108943Z,377.0,CCO8OLX8,121,23,Female,Mixed,Mexico,Mexico,Mexico,Spanish,No,DATA_EXPIRED
652df90be9b98dec717c262b,5f0a79cdff3278354b2016b7,APPROVED,2023-10-17T03:01:31.189000Z,2023-10-17T03:06:58.866000Z,2023-10-17T03:06:59.358000Z,2023-10-17T03:06:59.295833Z,328.0,CCO8OLX8,142,21,Male,Other,Mexico,Mexico,Mexico,Spanish,Yes,Unemployed (and job seeking)
652df90f5a429b440337dba0,61676931204ff555c7609795,APPROVED,2023-10-17T03:01:46.318000Z,2023-10-17T03:07:33.633000Z,2023-10-17T03:07:34.304000Z,2023-10-17T03:07:34.240614Z,348.0,CCO8OLX8,86,23,Male,Mixed,Mexico,Mexico,Mexico,Spanish,No,Full-Time
652df92a44d400e09d8047a3,5c534e802a52960001fe264f,APPROVED,2023-10-17T03:02:02.325000Z,2023-10-17T03:07:53.750000Z,2023-10-17T03:07:54.290000Z,2023-10-17T03:07:54.220291Z,352.0,CCO8OLX8,277,31,Male,Mixed,Mexico,Mexico,United States,Spanish,No,Full-Time
652df92e3ccf3f0e2ac053fb,5f4b49d8b1b5480008d21a11,APPROVED,2023-10-17T03:02:11.660000Z,2023-10-17T03:06:21.633000Z,2023-10-17T03:06:22.187000Z,2023-10-17T03:06:22.110281Z,250.0,CCO8OLX8,522,37,Female,White,Canada,Canada,Canada,English,DATA_EXPIRED,Full-Time
652df9331e72078f760ebc7c,5e799af10b2d8255586ad5b2,APPROVED,2023-10-17T03:02:17.202000Z,2023-10-17T03:07:06.105000Z,2023-10-17T03:07:06.615000Z,2023-10-17T03:07:06.544599Z,289.0,CCO8OLX8,194,DATA_EXPIRED,Female,Asian,Singapore,Canada,Canada,English,No,DATA_EXPIRED
652df9394c09de45631eaf06,5e6babd0d0031115b8a7bbbf,APPROVED,2023-10-17T03:02:17.302000Z,2023-10-17T03:07:46.770000Z,2023-10-17T03:07:52.332000Z,2023-10-17T03:07:47.246068Z,330.0,CCO8OLX8,543,27,Female,White,Australia,Australia,Australia,Other,No,DATA_EXPIRED
652df9490f1b5733a3d1e8c2,601d7556fe4dfb0d99b3d825,APPROVED,2023-10-17T03:02:36.748000Z,2023-10-17T03:09:46.868000Z,2023-10-17T03:09:47.381000Z,2023-10-17T03:09:47.318604Z,431.0,CCO8OLX8,203,32,Male,White,Finland,Finland,Finland,Finnish,No,Part-Time
652df94ded1a019d898cffcf,6163264fa94cc08756567f81,APPROVED,2023-10-17T03:02:45.215000Z,2023-10-17T03:16:09.369000Z,2023-10-17T03:16:09.904000Z,2023-10-17T03:16:09.838472Z,805.0,CCO8OLX8,443,33,Female,Black,South Africa,South Africa,South Africa,English,No,Full-Time
652df94e13aa00700bfde9c4,6460e22e1be052a4c5e14c2d,APPROVED,2023-10-17T03:02:38.672000Z,2023-10-17T03:07:20.166000Z,2023-10-17T15:20:28.974000Z,2023-10-17T03:07:20.683635Z,282.0,NOCODE,47,26,Male,Asian,Japan,Japan,Japan,Japanese,No,DATA_EXPIRED
652df95505b4f7045106e89e,5b89d11c19110c0001eb75e5,APPROVED,2023-10-17T03:02:49.247000Z,2023-10-17T03:08:39.104000Z,2023-10-17T15:20:29.142000Z,2023-10-17T03:08:39.632977Z,350.0,NOCODE,266,27,Male,White,Mexico,Mexico,Mexico,Spanish,No,Unemployed (and job seeking)
652df95e7b918d7d09aca73b,652540ba17c106066d7453fe,APPROVED,2023-10-17T03:03:03.488000Z,2023-10-17T03:13:14.470000Z,2023-10-17T03:13:15.040000Z,2023-10-17T03:13:14.971830Z,611.0,CCO8OLX8,1,25,Male,White,Israel,Israel,Israel,Hebrew,Yes,Due to start a new job within the next month
652df96566954cd2b5b3af4a,615082e89e3473a3c95df0c5,APPROVED,2023-10-17T03:03:05.978000Z,2023-10-17T03:12:58.913000Z,2023-10-17T03:12:59.428000Z,2023-10-17T03:12:59.371541Z,593.0,CCO8OLX8,503,62,Male,White,Belgium,Belgium,Belgium,Dutch,No,Full-Time
652df9692f6523dc5a3b9b42,6038b2589fc1fe2a2152694b,APPROVED,2023-10-17T03:03:09.256000Z,2023-10-17T03:21:43.252000Z,2023-10-17T03:21:43.777000Z,2023-10-17T03:21:43.720256Z,1114.0,CCO8OLX8,201,20,Female,Mixed,Chile,Chile,Chile,Spanish,Yes,Part-Time
652df96e2c94536d1d608918,648b920a66c5e3040ab14f6a,APPROVED,2023-10-17T03:03:24.344000Z,2023-10-17T03:07:35.609000Z,2023-10-17T03:07:36.165000Z,2023-10-17T03:07:36.098108Z,252.0,CCO8OLX8,70,21,Female,Mixed,New Zealand,New Zealand,New Zealand,English,Yes,Part-Time
652df97c7b918d7d09aca741,6102645ea723a731b1bd0e58,APPROVED,2023-10-17T03:03:31.165000Z,2023-10-17T03:38:03.841000Z,2023-10-17T15:20:29.306000Z,2023-10-17T03:38:04.716135Z,2073.0,CC080LX8,41,36,Female,Black,South Africa,South Africa,South Africa,English,DATA_EXPIRED,DATA_EXPIRED
652df97fc62afb1771d1e510,6455490f7c5f35e4221a810a,APPROVED,2023-10-17T03:03:27.788000Z,2023-10-17T03:09:48.439000Z,2023-10-17T03:09:49.038000Z,2023-10-17T03:09:48.972638Z,381.0,CCO8OLX8,106,25,Male,Other,Chile,Chile,Chile,Spanish,Yes,Other
652df984ca4b277c82addb17,5fdcc082dfad1528dad65346,APPROVED,2023-10-17T03:03:32.723000Z,2023-10-17T03:09:02.456000Z,2023-10-17T03:09:03.007000Z,2023-10-17T03:09:02.996456Z,330.0,CCO8OLX8,318,23,Male,White,Slovenia,Slovenia,Slovenia,Slovenian,No,Part-Time
652df98d2ce6389d6554b89e,5fdebabfb5d1fc684adaa1f9,APPROVED,2023-10-17T03:03:41.493000Z,2023-10-17T03:09:10.093000Z,2023-10-17T03:09:10.599000Z,2023-10-17T03:09:10.524352Z,329.0,CCO8OLX8,229,25,Male,White,Portugal,Portugal,Portugal,Portuguese,No,Full-Time
652df990385f8a13d9cfb14e,6144d8ec0ec1a2b2ea25592c,APPROVED,2023-10-17T03:03:52.705000Z,2023-10-17T03:08:56.593000Z,2023-10-17T15:20:29.474000Z,2023-10-17T03:08:57.107347Z,304.0,NOCODE,262,30,Female,Black,South Africa,South Africa,South Africa,English,Yes,Part-Time
652df99178b15d53fe9df78e,6159c7b1663240e33767514a,APPROVED,2023-10-17T03:03:45.325000Z,2023-10-17T03:28:56.944000Z,2023-10-17T03:28:57.718000Z,2023-10-17T03:28:57.653161Z,1512.0,CCO8OLX8,326,31,Female,Black,South Africa,South Africa,South Africa,English,Yes,Unemployed (and job seeking)
652df9912aa3b5f2d02820cc,612fc0a32604f3804ac8630f,APPROVED,2023-10-17T03:03:49.379000Z,2023-10-17T03:09:36.377000Z,2023-10-17T03:09:37.523000Z,2023-10-17T03:09:36.846680Z,347.0,CCO8OLX8,57,26,Female,White,Mexico,Mexico,Mexico,Spanish,Yes,Due to start a new job within the next month
652df99596885869240ebcfb,611bc22b3ed5adb17c5852fa,APPROVED,2023-10-17T03:08:26.192000Z,2023-10-17T03:20:51.204000Z,2023-10-17T03:20:51.763000Z,2023-10-17T03:20:51.683584Z,746.0,CCO8OLX8,89,22,Female,Black,South Africa,South Africa,South Africa,English,Yes,Part-Time
652df9a45c8a87564c6a41a2,611d05c997db7c2653864ff4,APPROVED,2023-10-17T03:06:36.836000Z,2023-10-17T03:16:04.320000Z,2023-10-17T03:16:04.878000Z,2023-10-17T03:16:04.803658Z,568.0,CCO8OLX8,196,26,Female,Black,South Africa,South Africa,South Africa,English,No,Part-Time
652df9ceaae98d815fcf55d0,5b477fdb56e0140001ac7720,APPROVED,2023-10-17T03:04:46.821000Z,2023-10-17T03:10:24.067000Z,2023-10-17T03:10:24.594000Z,2023-10-17T03:10:24.528264Z,338.0,CCO8OLX8,623,50,Male,Mixed,Mexico,Mexico,Mexico,Spanish,DATA_EXPIRED,DATA_EXPIRED
652df9cf2aa3b5f2d02820e0,5f4310b391369a1776db2dde,APPROVED,2023-10-17T03:04:47.900000Z,2023-10-17T03:12:55.304000Z,2023-10-17T03:12:55.857000Z,2023-10-17T03:12:55.793933Z,488.0,CCO8OLX8,514,29,Male,Other,Mexico,Mexico,Mexico,Spanish,Yes,Unemployed (and job seeking)
652df9d05a429b440337dbc1,5c89ab32c23f2d0014563d31,APPROVED,2023-10-17T03:04:57.430000Z,2023-10-17T03:12:17.755000Z,2023-10-17T03:12:18.315000Z,2023-10-17T03:12:18.253625Z,441.0,CCO8OLX8,416,24,Male,White,Chile,Chile,Chile,Spanish,Yes,Other
652df9dcc687f2309554bbd7,5e4dc0e1506e2f222ce980be,APPROVED,2023-10-17T03:05:00.721000Z,2023-10-17T03:14:38.101000Z,2023-10-17T03:14:38.627000Z,2023-10-17T03:14:38.537876Z,578.0,CCO8OLX8,574,24,Male,White,Greece,Greece,Greece,Greek,No,Unemployed (and job seeking)
652df9e5bb39b693dabc5f6e,6170a0c73272afad9eff9da9,APPROVED,2023-10-17T03:12:50.621000Z,2023-10-17T03:31:37.494000Z,2023-10-17T03:31:38.070000Z,2023-10-17T03:31:38.005102Z,1127.0,CCO8OLX8,378,54,Female,Mixed,Mexico,Mexico,Mexico,Spanish,No,Full-Time
652df9e577602975bfb3af29,5f95155d7ae37e0009ed42ac,APPROVED,2023-10-17T03:05:09.495000Z,2023-10-17T03:13:24.539000Z,2023-10-17T03:13:25.055000Z,2023-10-17T03:13:24.993819Z,496.0,CCO8OLX8,355,23,Male,Mixed,Mexico,Mexico,Mexico,Spanish,DATA_EXPIRED,DATA_EXPIRED
652df9e510c20cc5a6945299,5fc4a01dc02ae8485c400ebf,APPROVED,2023-10-17T03:05:16.918000Z,2023-10-17T03:11:45.223000Z,2023-10-17T03:11:45.797000Z,2023-10-17T03:11:45.718066Z,389.0,CCO8OLX8,275,45,Male,White,United Kingdom,Japan,United Kingdom,English,DATA_EXPIRED,Full-Time
652df9ecb5d850ebf79defec,650f65aac58fe4dc08bbe23f,APPROVED,2023-10-17T03:05:16.056000Z,2023-10-17T03:14:48.445000Z,2023-10-17T03:14:49.149000Z,2023-10-17T03:14:49.084399Z,573.0,CCO8OLX8,16,30,Male,Other,Chile,Chile,Chile,Spanish,No,Unemployed (and job seeking)
652df9ef78b15d53fe9df7a5,5f3d7b3310ad88134a27f2c7,APPROVED,2023-10-17T03:05:19.091000Z,2023-10-17T03:16:19.514000Z,2023-10-17T03:16:20.025000Z,2023-10-17T03:16:19.961738Z,661.0,CCO8OLX8,61,31,Male,Mixed,Mexico,Mexico,Mexico,Spanish,No,Part-Time
652df9f4385f8a13d9cfb15e,615e04283f4381cb55f9384a,APPROVED,2023-10-17T03:06:14.411000Z,2023-10-17T03:22:41.440000Z,2023-10-17T03:22:41.992000Z,2023-10-17T03:22:41.928713Z,988.0,CCO8OLX8,359,28,Female,Black,South Africa,South Africa,South Africa,English,Yes,Full-Time
652df9f613aa00700bfde9e6,616ae3f893864f417b704e95,APPROVED,2023-10-17T03:05:26.601000Z,2023-10-17T03:24:08.070000Z,2023-10-17T03:24:08.631000Z,2023-10-17T03:24:08.567181Z,1122.0,CCO8OLX8,262,23,Female,Mixed,Mexico,Mexico,Mexico,Spanish,No,Unemployed (and job seeking)
652df9f996885869240ebd07,6115a0203cacd5e288e888d7,APPROVED,2023-10-17T03:05:29.038000Z,2023-10-17T03:13:11.371000Z,2023-10-17T03:13:11.841000Z,2023-10-17T03:13:11.776854Z,463.0,CCO8OLX8,288,49,Female,White,Chile,Chile,Chile,Spanish,No,Part-Time
652df9f92ce6389d6554b8b0,606dc21c1ce7dc64af9d81fb,APPROVED,2023-10-17T03:05:29.859000Z,2023-10-17T03:12:23.807000Z,2023-10-17T03:12:26.620000Z,2023-10-17T03:12:24.355531Z,414.0,CCO8OLX8,408,24,Male,Other,Chile,Chile,Chile,Spanish,Yes,DATA_EXPIRED
652df9faa720424a4ccac077,5ded025913911c3c46a677d7,APPROVED,2023-10-17T03:05:30.268000Z,2023-10-17T03:16:02.378000Z,2023-10-17T03:16:02.906000Z,2023-10-17T03:16:02.831830Z,633.0,CCO8OLX8,218,33,DATA_EXPIRED,DATA_EXPIRED,DATA_EXPIRED,Portugal,DATA_EXPIRED,DATA_EXPIRED,DATA_EXPIRED,DATA_EXPIRED
652df9fba720424a4ccac078,60e29fd816e994eee392af1c,APPROVED,2023-10-17T03:05:31.229000Z,2023-10-17T03:10:06.347000Z,2023-10-17T03:10:06.886000Z,2023-10-17T03:10:06.827401Z,276.0,CCO8OLX8,41,23,Female,Other,Chile,Chile,Chile,Spanish,Yes,Unemployed (and job seeking)
652df9ff3b455287cd0224c4,5fb6670a2253293744a37320,APPROVED,2023-10-17T03:05:52.856000Z,2023-10-17T03:13:37.479000Z,2023-10-17T03:13:37.956000Z,2023-10-17T03:13:37.890970Z,465.0,CCO8OLX8,228,48,Female,White,South Africa,South Africa,South Africa,Afrikaans,No,Full-Time
652dfa016add136290feee76,611f6e2c2f17d20878985803,APPROVED,2023-10-17T03:05:37.371000Z,2023-10-17T03:25:48.987000Z,2023-10-17T15:20:29.636000Z,2023-10-17T03:25:49.559788Z,1212.0,NOCODE,333,33,Male,Black,South Africa,South Africa,South Africa,English,No,Full-Time
652dfa04e2a20f7f12621992,5e083e0a35a7a5178670e03e,APPROVED,2023-10-17T03:06:52.492000Z,2023-10-17T03:21:57.083000Z,2023-10-17T15:20:29.793000Z,2023-10-17T03:21:57.556411Z,905.0,forgottocopycode,83,43,Female,Mixed,South Africa,South Africa,South Africa,English,No,Full-Time
652dfa0544d400e09d8047c1,5efa9ca98dd7fe8eefe7b16f,APPROVED,2023-10-17T03:05:41.959000Z,2023-10-17T03:14:09.677000Z,2023-10-17T03:14:10.137000Z,2023-10-17T03:14:10.071749Z,508.0,CCO8OLX8,674,27,Male,Asian,Bangladesh,Canada,Bangladesh,Bengali,No,Full-Time
652dfa072f6523dc5a3b9b5b,64e608503ca2b43288f6ba33,APPROVED,2023-10-17T03:05:51.541000Z,2023-10-17T03:17:14.554000Z,2023-10-17T03:17:15.076000Z,2023-10-17T03:17:15.011054Z,684.0,CCO8OLX8,15,36,Female,Other,Mexico,Mexico,Mexico,Spanish,No,Full-Time
652dfa1b385f8a13d9cfb164,613bbe37bb5e6fa81c182308,APPROVED,2023-10-17T03:06:07.611000Z,2023-10-17T03:32:35.590000Z,2023-10-17T03:32:36.149000Z,2023-10-17T03:32:36.083860Z,1588.0,CCO8OLX8,368,26,Female,Other,Mexico,Mexico,Mexico,Spanish,Yes,Full-Time
652dfa1d71e2c9767bcfade8,6023cb37c452c802d4092a35,APPROVED,2023-10-17T03:06:24.260000Z,2023-10-17T03:14:57.323000Z,2023-10-17T03:14:57.882000Z,2023-10-17T03:14:57.814459Z,514.0,CCO8OLX8,654,31,Male,Black,South Africa,South Africa,South Africa,English,No,Full-Time
652dfa20c62afb1771d1e52c,5ed93031e5e1620ec088366e,APPROVED,2023-10-17T03:06:54.833000Z,2023-10-17T03:14:06.012000Z,2023-10-17T03:14:06.569000Z,2023-10-17T03:14:06.506776Z,432.0,CCO8OLX8,1165,43,Male,White,United Kingdom,United Kingdom,United Kingdom,English,DATA_EXPIRED,DATA_EXPIRED
652dfa213b455287cd0224c7,61075206c885582a3401a564,APPROVED,2023-10-17T03:06:09.571000Z,2023-10-17T03:46:06.582000Z,2023-10-17T03:46:07.104000Z,2023-10-17T03:46:07.041389Z,2398.0,CCO8OLX8,128,31,Female,Other,Mexico,Mexico,Mexico,Spanish,No,Full-Time
652dfa25512eac04aefdebe9,60d8165bb57cc436cf393815,APPROVED,2023-10-17T03:06:13.431000Z,2023-10-17T03:17:52.644000Z,2023-10-17T03:17:58.149000Z,2023-10-17T03:17:53.064823Z,700.0,CCO8OLX8,172,20,Female,Other,Mexico,Mexico,Mexico,Spanish,Yes,Part-Time
652dfa2966954cd2b5b3af5b,5bbe4ab0ea3e2600012cefb3,APPROVED,2023-10-17T03:06:17.513000Z,2023-10-17T03:15:03.786000Z,2023-10-17T03:15:04.383000Z,2023-10-17T03:15:04.319490Z,527.0,CCO8OLX8,625,36,Male,Mixed,Mexico,Mexico,Mexico,Spanish,No,Full-Time
652dfa2a571b3422cccf5211,652897157b7546022ed0368e,APPROVED,2023-10-17T03:06:28.529000Z,2023-10-17T03:17:23.613000Z,2023-10-17T03:17:24.196000Z,2023-10-17T03:17:24.094387Z,656.0,CCO8OLX8,0,22,Male,Mixed,United States,United States,United States,English,No,Unemployed (and job seeking)
652dfa2b37f9abf73a6a4553,60fd5bc629663dec819d54e3,APPROVED,2023-10-17T03:06:19.541000Z,2023-10-17T03:16:21.606000Z,2023-10-17T03:16:22.155000Z,2023-10-17T03:16:22.090706Z,603.0,CCO8OLX8,243,23,Male,White,Portugal,Portugal,Portugal,Portuguese,No,Unemployed (and job seeking)
652dfa2e5a429b440337dbcc,571e332b1bdf1a00119149f2,APPROVED,2023-10-17T03:06:22.025000Z,2023-10-17T03:14:16.190000Z,2023-10-17T03:14:17.422000Z,2023-10-17T03:14:17.369339Z,475.0,CCO8OLX8,1077,42,Female,Mixed,United States,United States,United States,English,DATA_EXPIRED,DATA_EXPIRED
652dfa31571b3422cccf5212,5ec335caf151cf17e597dde1,APPROVED,2023-10-17T03:06:42.631000Z,2023-10-17T03:12:10.089000Z,2023-10-17T03:12:10.631000Z,2023-10-17T03:12:10.571690Z,328.0,CCO8OLX8,115,32,Male,Other,Mexico,Mexico,Mexico,Spanish,No,Unemployed (and job seeking)
652dfa3349bfd74dc82d6d5f,5fd6943e7c02cb5d8b70d1be,APPROVED,2023-10-17T03:06:27.651000Z,2023-10-17T03:17:43.783000Z,2023-10-17T03:17:44.308000Z,2023-10-17T03:17:44.228969Z,677.0,CCO8OLX8,220,29,Female,White,Chile,Chile,Chile,Spanish,Yes,Full-Time
652dfa33f601b9b7bd4e9621,5de60f418f5cd559c333199c,APPROVED,2023-10-17T03:06:27.982000Z,2023-10-17T03:17:00.653000Z,2023-10-17T03:17:01.198000Z,2023-10-17T03:17:01.137761Z,633.0,CCO8OLX8,526,28,Male,Black,South Africa,South Africa,South Africa,English,No,Full-Time
652dfa3437f9abf73a6a4556,5e86972528aacd2d57010c07,APPROVED,2023-10-17T03:06:28.890000Z,2023-10-17T03:19:41.086000Z,2023-10-17T03:19:41.615000Z,2023-10-17T03:19:41.552267Z,793.0,CCO8OLX8,243,26,Male,White,Poland,Poland,Poland,Polish,DATA_EXPIRED,DATA_EXPIRED
652dfa362f6523dc5a3b9b6c,60db6cbfbdc2bef6285fe52c,APPROVED,2023-10-17T03:09:15.944000Z,2023-10-17T03:17:24.959000Z,2023-10-17T15:20:29.952000Z,2023-10-17T03:17:25.447079Z,490.0,CCO8OLXO,324,29,Male,Black,South Africa,South Africa,South Africa,English,No,Full-Time
652dfa39fe4e123a0dcabf7a,5cd9cd20300c8c00016ea1c4,APPROVED,2023-10-17T03:06:33.932000Z,2023-10-17T03:16:15.142000Z,2023-10-17T03:16:15.614000Z,2023-10-17T03:16:15.547877Z,582.0,CCO8OLX8,571,43,Male,Mixed,Mexico,Mexico,Mexico,Spanish,No,Full-Time
652dfa3d5c8a87564c6a41b3,5e66e983f2d266000b688184,APPROVED,2023-10-17T03:06:52.312000Z,2023-10-17T03:16:02.712000Z,2023-10-17T03:16:08.297000Z,2023-10-17T03:16:03.224309Z,551.0,CCO8OLX8,238,41,Female,White,Australia,Australia,Australia,English,No,"Not in paid work (e.g. homemaker', 'retired or disabled)"
652dfa3f0703a9b33b855eb1,613a6f333eacb2c4641d0540,APPROVED,2023-10-17T03:14:51.140000Z,2023-10-17T03:44:27.278000Z,2023-10-17T03:44:27.814000Z,2023-10-17T03:44:27.750498Z,1777.0,CCO8OLX8,253,27,Female,Other,Mexico,Mexico,Mexico,Spanish,No,Full-Time
652dfa5450e17001e5e29288,5daa9e16546237001681d0f1,APPROVED,2023-10-17T03:09:05.555000Z,2023-10-17T03:16:55.975000Z,2023-10-17T03:16:56.514000Z,2023-10-17T03:16:56.446763Z,471.0,CCO8OLX8,737,22,Male,White,United States,United States,United States,English,DATA_EXPIRED,DATA_EXPIRED
652dfa56ae3755e2588cfbf0,60aab5b095bcb30ed88be544,APPROVED,2023-10-17T03:07:06.640000Z,2023-10-17T03:13:57.545000Z,2023-10-17T03:13:58.109000Z,2023-10-17T03:13:58.036393Z,411.0,CCO8OLX8,575,56,Male,White,United Kingdom,United Kingdom,United Kingdom,English,No,"Not in paid work (e.g. homemaker', 'retired or disabled)"
652dfa57fe4e123a0dcabf7d,613c7f972e67021c3fe9fd40,APPROVED,2023-10-17T03:07:03.619000Z,2023-10-17T03:20:30.093000Z,2023-10-17T03:20:30.589000Z,2023-10-17T03:20:30.529682Z,807.0,CCO8OLX8,375,31,Male,Black,South Africa,South Africa,South Africa,English,No,Part-Time
652dfa5dc687f2309554bbeb,5b8fe84a1a3ec10001a81642,APPROVED,2023-10-17T03:07:09.496000Z,2023-10-17T03:12:34.321000Z,2023-10-17T03:12:34.907000Z,2023-10-17T03:12:34.842687Z,325.0,CCO8OLX8,465,23,Male,Other,Chile,Chile,Chile,Spanish,Yes,DATA_EXPIRED
652dfa5f7e5db7a9f62d6ed7,5b16adc0388d8b00014fa3a0,APPROVED,2023-10-17T03:07:15.756000Z,2023-10-17T03:19:43.616000Z,2023-10-17T03:19:47.235000Z,2023-10-17T03:19:44.051814Z,748.0,CCO8OLX8,554,36,Male,Mixed,Mexico,Mexico,Mexico,Spanish,DATA_EXPIRED,Full-Time
652dfa5f3b455287cd0224d1,5f13b5cb93d2ed02c439577f,APPROVED,2023-10-17T03:07:11.662000Z,2023-10-17T03:14:05.133000Z,2023-10-17T03:14:05.718000Z,2023-10-17T03:14:05.656752Z,414.0,CCO8OLX8,187,26,Male,Mixed,Mexico,Mexico,Mexico,Spanish,DATA_EXPIRED,Unemployed (and job seeking)
652dfa60ee9ed1ff86e28d62,6453c2df1b56ea2d0b96df79,APPROVED,2023-10-17T03:07:12.352000Z,2023-10-17T03:20:18.820000Z,2023-10-17T03:20:19.311000Z,2023-10-17T03:20:19.242785Z,787.0,CCO8OLX8,168,24,Male,White,Spain,Spain,Spain,Spanish,No,Full-Time
652dfa66385f8a13d9cfb16c,5ba5a93f38803d000126567d,APPROVED,2023-10-17T03:07:32.796000Z,2023-10-17T03:14:55.914000Z,2023-10-17T03:14:56.450000Z,2023-10-17T03:14:56.386476Z,444.0,CCO8OLX8,386,36,Female,Other,Chile,Chile,Chile,Spanish,No,Other
652dfa7132ac651944fd3547,652d3715d07b5cf75a43c342,APPROVED,2023-10-17T03:07:32.664000Z,2023-10-17T03:12:46.678000Z,2023-10-17T03:12:47.215000Z,2023-10-17T03:12:47.149687Z,315.0,CCO8OLX8,6,23,Male,White,United Kingdom,United Kingdom,United Kingdom,English,No,Part-Time
652dfa727b918d7d09aca765,5bf481367ea49f0001ba57f9,APPROVED,2023-10-17T03:07:38.297000Z,2023-10-17T03:14:02.135000Z,2023-10-17T03:14:02.747000Z,2023-10-17T03:14:02.683160Z,384.0,CCO8OLX8,50,31,Female,Asian,Canada,Canada,Canada,Chinese,No,Full-Time
652dfa7437f9abf73a6a4563,60db9412ba928de1fdc2269e,APPROVED,2023-10-17T03:07:32.711000Z,2023-10-17T03:46:06.033000Z,2023-10-17T03:46:06.641000Z,2023-10-17T03:46:06.579594Z,2314.0,CCO8OLX8,508,67,Female,White,Netherlands,Portugal,Netherlands,Dutch,No,Part-Time
652dfa782f6523dc5a3b9b72,607b962bbc14d00d40958065,APPROVED,2023-10-17T03:07:49.719000Z,2023-10-17T03:14:07.284000Z,2023-10-17T03:14:07.830000Z,2023-10-17T03:14:07.769606Z,378.0,CCO8OLX8,659,63,Male,White,Australia,Australia,Australia,English,No,Full-Time
652dfa8a13aa00700bfde9f6,5d71a34f3545310018a115bc,APPROVED,2023-10-17T03:07:54.211000Z,2023-10-17T03:21:51.918000Z,2023-10-17T03:21:57.544000Z,2023-10-17T03:21:52.467411Z,838.0,CCO8OLX8,221,42,Male,White,Italy,Italy,Italy,Italian,No,Full-Time
652dfa8de2a20f7f126219ae,5e7a083fa67e4003adb26881,APPROVED,2023-10-17T03:08:02.404000Z,2023-10-17T03:13:45.020000Z,2023-10-17T03:13:45.491000Z,2023-10-17T03:13:45.433577Z,343.0,CCO8OLX8,110,43,Female,White,South Africa,South Africa,South Africa,English,DATA_EXPIRED,Full-Time
652dfa8d3c7af9c94b06e614,6152003488526410fe7cc763,APPROVED,2023-10-17T03:07:57.866000Z,2023-10-17T03:16:06.835000Z,2023-10-17T03:16:12.356000Z,2023-10-17T03:16:07.273472Z,489.0,CCO8OLX8,259,33,Male,Mixed,Mexico,Mexico,Mexico,Spanish,No,Full-Time
652dfa904fe78a4e13c63da2,5cfe250ac108a70017272454,APPROVED,2023-10-17T03:08:00.805000Z,2023-10-17T03:19:32.807000Z,2023-10-17T03:19:33.460000Z,2023-10-17T03:19:33.388510Z,693.0,CCO8OLX8,172,28,Male,White,Greece,Greece,Greece,Greek,No,Full-Time
652dfa913b455287cd0224d8,614386aaad55b05aa5c7767e,APPROVED,2023-10-17T03:08:05.136000Z,2023-10-17T03:14:18.294000Z,2023-10-17T03:14:18.793000Z,2023-10-17T03:14:18.727546Z,374.0,CCO8OLX8,490,24,Female,Mixed,Mexico,Mexico,Mexico,Spanish,No,Full-Time
652dfa92ce268d9c09feef8b,614f64f9c11bac7b4bb00030,APPROVED,2023-10-17T03:08:18.219000Z,2023-10-17T03:17:00.223000Z,2023-10-17T03:17:00.787000Z,2023-10-17T03:17:00.712449Z,523.0,CCO8OLX8,83,25,Female,Mixed,Mexico,Mexico,Mexico,Spanish,No,Full-Time
652dfa92c62afb1771d1e53d,615c8512324e80bb9d5ae1ef,APPROVED,2023-10-17T03:08:12.886000Z,2023-10-17T03:13:10.535000Z,2023-10-17T03:13:11.034000Z,2023-10-17T03:13:10.970774Z,298.0,CCO8OLX8,361,41,Male,Mixed,Mexico,Mexico,Mexico,Spanish,No,Full-Time
652dfa98014b6033d0bc61d0,607cd369232ae6802aae703f,APPROVED,2023-10-17T03:08:08.489000Z,2023-10-17T03:14:28.970000Z,2023-10-17T03:14:29.650000Z,2023-10-17T03:14:29.573917Z,381.0,CCO8OLX8,502,44,Female,Asian,China,Canada,Canada,Chinese,DATA_EXPIRED,DATA_EXPIRED
652dfa9ba720424a4ccac091,5f1ea02746999b87b4489f36,APPROVED,2023-10-17T03:08:11.144000Z,2023-10-17T03:13:39.376000Z,2023-10-17T03:13:39.952000Z,2023-10-17T03:13:39.881246Z,329.0,CCO8OLX8,349,22,Male,White,Poland,Poland,Poland,Polish,No,Full-Time
652dfaa94fe78a4e13c63dab,5ef55bd12b81b2000adbc771,APPROVED,2023-10-17T03:12:13.456000Z,2023-10-17T03:21:07.201000Z,2023-10-17T03:21:07.737000Z,2023-10-17T03:21:07.674360Z,534.0,CCO8OLX8,338,28,Female,White,Mexico,Mexico,Mexico,Spanish,No,Part-Time
652dfab6988381bd90608e55,64a17681cb7463c8b8764866,APPROVED,2023-10-17T03:08:52.151000Z,2023-10-17T03:21:21.890000Z,2023-10-17T03:21:22.501000Z,2023-10-17T03:21:22.436700Z,750.0,CCO8OLX8,12,21,Female,Black,South Africa,South Africa,South Africa,English,Yes,Full-Time
652dfab7571b3422cccf5223,6453c29faab6977890801023,APPROVED,2023-10-17T03:08:39.665000Z,2023-10-17T03:17:16.944000Z,2023-10-17T03:17:17.973000Z,2023-10-17T03:17:17.910004Z,518.0,CCO8OLX8,125,22,Female,White,Mexico,Mexico,Mexico,Spanish,No,Full-Time
652dfabdf601b9b7bd4e9638,61764d66dde556a8e0d03c14,APPROVED,2023-10-17T03:08:45.946000Z,2023-10-17T03:15:55.500000Z,2023-10-17T03:16:01.074000Z,2023-10-17T03:15:55.993261Z,430.0,CCO8OLX8,299,22,Male,White,Mexico,Mexico,Mexico,Spanish,Yes,Due to start a new job within the next month
652dfac0a720424a4ccac095,6400e9cbb08c04ebc749dc9a,APPROVED,2023-10-17T03:08:52.839000Z,2023-10-17T03:15:17.455000Z,2023-10-17T03:15:18.019000Z,2023-10-17T03:15:17.954387Z,385.0,CCO8OLX8,405,27,Male,White,United Kingdom,United Kingdom,United Kingdom,English,No,Unemployed (and job seeking)
652dfac75c8a87564c6a41c6,600802c86848db33926d3914,APPROVED,2023-10-17T03:08:55.065000Z,2023-10-17T03:13:30.879000Z,2023-10-17T03:13:31.380000Z,2023-10-17T03:13:31.323459Z,276.0,CCO8OLX8,500,42,Male,White,Poland,Poland,Poland,Polish,No,Full-Time
652dfaccd86e80d24cba2924,6477457c654e80fc3e7a983c,APPROVED,2023-10-17T03:09:04.267000Z,2023-10-17T03:14:20.819000Z,2023-10-17T03:14:21.520000Z,2023-10-17T03:14:21.453017Z,317.0,CCO8OLX8,66,30,Male,Mixed,France,France,France,French,No,Full-Time
652dfad16add136290feee88,6067f370472020b9dc5cf71b,APPROVED,2023-10-17T03:09:05.401000Z,2023-10-17T03:16:05.806000Z,2023-10-17T03:16:07.073000Z,2023-10-17T03:16:07.011411Z,421.0,CCO8OLX8,482,26,Female,Mixed,Mexico,Mexico,Mexico,Spanish,No,Unemployed (and job seeking)
652dfad1c687f2309554bbf6,60f408c8685211bbaf183509,APPROVED,2023-10-17T03:14:10.200000Z,2023-10-17T03:29:05.721000Z,2023-10-17T03:29:06.298000Z,2023-10-17T03:29:06.216531Z,896.0,CCO8OLX8,296,22,Female,Black,South Africa,South Africa,South Africa,English,Yes,Full-Time
652dfad4ed1a019d898d0017,651c594b96fb024b6dd15122,APPROVED,2023-10-17T03:09:14.536000Z,2023-10-17T03:20:42.836000Z,2023-10-17T03:20:43.416000Z,2023-10-17T03:20:43.347988Z,689.0,CCO8OLX8,5,28,Male,White,New Zealand,New Zealand,New Zealand,English,Yes,Part-Time
652dfad5bb6b3ec23e43d1b9,5f072104186c17092d6d0c36,APPROVED,2023-10-17T03:09:09.942000Z,2023-10-17T03:16:47.266000Z,2023-10-17T03:16:47.772000Z,2023-10-17T03:16:47.710225Z,458.0,CCO8OLX8,373,28,Male,DATA_EXPIRED,DATA_EXPIRED,Spain,United States,English,DATA_EXPIRED,DATA_EXPIRED
652dfadba1d6fa42b74e9132,613add879e40150ca89fd051,APPROVED,2023-10-17T03:10:08.330000Z,2023-10-17T03:19:51.165000Z,2023-10-17T03:19:51.670000Z,2023-10-17T03:19:51.609951Z,583.0,CCO8OLX8,268,39,Male,Mixed,Mexico,Mexico,Mexico,Spanish,No,Part-Time
652dfae1bb6b3ec23e43d1ba,5e3218f5de60e31ff2b2294c,APPROVED,2023-10-17T03:09:21.823000Z,2023-10-17T03:15:53.458000Z,2023-10-17T03:15:56.552000Z,2023-10-17T03:15:53.982371Z,392.0,CCO8OLX8,478,41,Female,Asian,Korea,New Zealand,Korea,Korean,No,Part-Time
652dfae73c7af9c94b06e622,65099cc80770189cc9c31ca6,APPROVED,2023-10-17T03:09:48.846000Z,2023-10-17T03:23:27.475000Z,2023-10-17T15:20:30.231000Z,2023-10-17T03:23:27.908408Z,819.0,CC080LX8,0,45,Female,Black,Nigeria,Canada,Nigeria,English,No,Full-Time
652dfae876a1027c781eb3e7,5e21ee5cc7fe654d13c3f1dc,APPROVED,2023-10-17T03:09:28.406000Z,2023-10-17T03:17:08.147000Z,2023-10-17T03:17:13.694000Z,2023-10-17T03:17:08.608925Z,460.0,CCO8OLX8,32,35,Male,White,Turkey,Portugal,Turkey,English,No,Full-Time
652dfaed2f6523dc5a3b9b83,606e2c6d64e3ba353fb68bd5,APPROVED,2023-10-17T03:09:33.902000Z,2023-10-17T03:20:01.483000Z,2023-10-17T03:20:02.147000Z,2023-10-17T03:20:02.081953Z,628.0,CCO8OLX8,222,24,Male,Other,Chile,Chile,Chile,Spanish,Yes,Full-Time
652dfaf0ca4b277c82addb5e,5ed3e885034557397f017ef0,APPROVED,2023-10-17T03:09:40.531000Z,2023-10-17T03:18:35.529000Z,2023-10-17T03:18:36.039000Z,2023-10-17T03:18:35.964932Z,535.0,CCO8OLX8,332,41,Female,White,Mexico,Mexico,Mexico,Spanish,No,Full-Time
652dfaf1c62afb1771d1e547,5fb49dda9afe50205f256fcc,APPROVED,2023-10-17T03:10:07.231000Z,2023-10-17T03:21:52.354000Z,2023-10-17T03:22:02.929000Z,2023-10-17T03:21:52.831833Z,706.0,CCO8OLX8,165,23,Female,White,Mexico,Mexico,Mexico,Spanish,No,Part-Time
652dfb0449fa117ecc230f4c,613a9193ed68e49209b471b7,APPROVED,2023-10-17T03:09:56.921000Z,2023-10-17T03:15:28.425000Z,2023-10-17T03:15:29.016000Z,2023-10-17T03:15:28.935610Z,332.0,CCO8OLX8,191,22,Female,White,Mexico,Mexico,Mexico,Spanish,Yes,Full-Time
652dfb08bea3e8dc6a945874,5c9546a7ff13ec0019735f57,APPROVED,2023-10-17T03:10:00.740000Z,2023-10-17T03:25:54.828000Z,2023-10-17T03:25:55.365000Z,2023-10-17T03:25:55.297137Z,955.0,CCO8OLX8,25,22,Male,Black,"Venezuela, Bolivarian Republic of",Spain,"Venezuela, Bolivarian Republic of",Spanish,Yes,Part-Time
652dfb0a2ce6389d6554b8df,5fc9b1252395584af6debd51,APPROVED,2023-10-17T03:10:07.622000Z,2023-10-17T03:16:39.835000Z,2023-10-17T03:16:40.443000Z,2023-10-17T03:16:40.376874Z,393.0,CCO8OLX8,520,41,Male,White,Chile,Chile,Chile,Spanish,No,Full-Time
652dfb0be035369ff89df8b7,5a874306f49c9a0001f39714,APPROVED,2023-10-17T03:10:11.827000Z,2023-10-17T03:39:01.243000Z,2023-10-17T03:39:01.819000Z,2023-10-17T03:39:01.756030Z,1730.0,CCO8OLX8,664,36,Female,White,Mexico,Mexico,Mexico,Spanish,No,Full-Time
652dfb17c3df5a846d8045e2,64f0d5a885a37bdffa45ecb9,APPROVED,2023-10-17T03:10:15.923000Z,2023-10-17T03:18:33.157000Z,2023-10-17T03:18:33.623000Z,2023-10-17T03:18:33.549927Z,498.0,CCO8OLX8,5,19,Male,Asian,Pakistan,Canada,Canada,English,Yes,DATA_EXPIRED
652dfb1b273233c40385612a,5f4d23b56bf20b9817acf539,APPROVED,2023-10-17T03:10:19.826000Z,2023-10-17T03:18:27.499000Z,2023-10-17T03:18:28.080000Z,2023-10-17T03:18:28.020981Z,488.0,CCO8OLX8,270,25,Male,White,Poland,Germany,Poland,Polish,Yes,Due to start a new job within the next month
652dfb25fe4e123a0dcabf99,60bb23e62d838aa285ce7730,APPROVED,2023-10-17T03:10:29.967000Z,2023-10-17T03:19:33.870000Z,2023-10-17T03:19:34.422000Z,2023-10-17T03:19:34.445058Z,544.0,CCO8OLX8,169,27,Male,White,Mexico,Mexico,Mexico,Spanish,No,Full-Time
652dfb2a2aa3b5f2d028211d,604a620c882c4ad527217035,APPROVED,2023-10-17T03:10:34.107000Z,2023-10-17T03:54:37.007000Z,2023-10-17T03:54:37.533000Z,2023-10-17T03:54:37.467887Z,2643.0,CCO8OLX8,244,30,Male,White,Poland,Poland,Poland,Polish,No,Unemployed (and job seeking)
652dfb2c49fa117ecc230f52,652beee153f0790e4aa09b99,APPROVED,2023-10-17T03:11:05.513000Z,2023-10-17T03:25:48.303000Z,2023-10-17T03:25:48.833000Z,2023-10-17T03:25:48.769393Z,883.0,CCO8OLX8,0,34,Female,Black,South Africa,South Africa,South Africa,English,Yes,Full-Time
652dfb2f3b3bbcbeecaca514,5b7850cef642ed0001517c4d,APPROVED,2023-10-17T03:10:57.159000Z,2023-10-17T03:18:15.961000Z,2023-10-17T03:18:16.507000Z,2023-10-17T03:18:16.449553Z,439.0,CCO8OLX8,529,56,Female,White,Chile,Chile,Chile,Spanish,No,Unemployed (and job seeking)
652dfb322aa3b5f2d028211f,60b5218490317088c24bcd26,APPROVED,2023-10-17T03:14:19.341000Z,2023-10-17T03:26:23.489000Z,2023-10-17T03:26:24Z,2023-10-17T03:26:23.939192Z,725.0,CCO8OLX8,69,31,Female,Mixed,Mexico,Mexico,Mexico,Spanish,Yes,Part-Time
652dfb331e72078f760ebcbf,60da8e97af0a0080c3151b97,APPROVED,2023-10-17T03:19:01.132000Z,2023-10-17T03:32:02.999000Z,2023-10-17T03:32:03.525000Z,2023-10-17T03:32:03.458675Z,782.0,CCO8OLX8,162,26,Female,Mixed,Mexico,Mexico,Mexico,Spanish,No,Full-Time
652dfb3cbb6b3ec23e43d1c8,64e5e07bb69b8b95c28540d7,APPROVED,2023-10-17T03:10:52.677000Z,2023-10-17T03:18:09.357000Z,2023-10-17T03:18:09.922000Z,2023-10-17T03:18:09.858004Z,437.0,CCO8OLX8,16,23,Male,White,Portugal,Portugal,Portugal,Portuguese,Yes,Unemployed (and job seeking)
652dfb4566954cd2b5b3af89,5bd781291fd7c80001bb1fad,APPROVED,2023-10-17T03:11:09.703000Z,2023-10-17T03:18:23.698000Z,2023-10-17T03:18:24.277000Z,2023-10-17T03:18:24.199005Z,434.0,CCO8OLX8,568,30,Male,Other,Mexico,Mexico,Mexico,English,DATA_EXPIRED,Full-Time
652dfb48ddc2477f10ba270e,59b536d60516f6000197c3f9,APPROVED,2023-10-17T03:11:20.452000Z,2023-10-17T03:16:31.537000Z,2023-10-17T03:16:32.032000Z,2023-10-17T03:16:31.965752Z,312.0,CCO8OLX8,806,29,Male,White,Finland,Finland,Finland,Finnish,No,Full-Time
652dfb4b988381bd90608e67,6037a1d75ddb2f02613d39a2,APPROVED,2023-10-17T03:11:07.916000Z,2023-10-17T03:17:52.305000Z,2023-10-17T03:17:52.837000Z,2023-10-17T03:17:52.776738Z,405.0,CCO8OLX8,276,24,Male,Mixed,South Africa,South Africa,South Africa,English,No,Full-Time
652dfb53b5d850ebf79df034,6103f6e09066149d3687c2bb,APPROVED,2023-10-17T03:11:39.811000Z,2023-10-17T03:44:19.716000Z,2023-10-17T03:44:20.202000Z,2023-10-17T03:44:20.140131Z,1960.0,CCO8OLX8,461,44,Female,Black,South Africa,South Africa,South Africa,English,No,Full-Time
652dfb57ddc2477f10ba2711,613bcf8fb24794c5a9d09555,APPROVED,2023-10-17T03:11:24.492000Z,2023-10-17T03:18:40.426000Z,2023-10-17T03:18:40.989000Z,2023-10-17T03:18:40.919834Z,436.0,CCO8OLX8,192,23,Female,Other,Mexico,Mexico,Mexico,Spanish,No,Full-Time
652dfb5b512eac04aefdec21,6156630e090d35740b0294f9,APPROVED,2023-10-17T03:11:23.044000Z,2023-10-17T03:33:54.397000Z,2023-10-17T15:20:30.395000Z,2023-10-17T03:33:54.863099Z,1352.0,NOCODE,395,33,Male,Other,Mexico,Mexico,Mexico,Spanish,No,Part-Time
652dfb5fc687f2309554bc0b,5bbc0997f1f9ba000141cf0f,APPROVED,2023-10-17T03:11:27.467000Z,2023-10-17T03:21:06.004000Z,2023-10-17T15:20:30.558000Z,2023-10-17T03:21:06.506630Z,579.0,NOCODE,189,34,Male,Mixed,Mexico,Mexico,Mexico,Spanish,No,Due to start a new job within the next month
652dfb605a429b440337dbfc,60846edc17ce31d251da7ed1,APPROVED,2023-10-17T03:11:28.631000Z,2023-10-17T03:17:39.511000Z,2023-10-17T03:17:40.061000Z,2023-10-17T03:17:39.987701Z,371.0,CCO8OLX8,84,25,Male,Mixed,Chile,Chile,Chile,Spanish,No,Full-Time
652dfb64512eac04aefdec23,5ea70c1e64a4c809e7112fc6,APPROVED,2023-10-17T03:11:35.485000Z,2023-10-17T03:35:37.972000Z,2023-10-17T03:35:38.596000Z,2023-10-17T03:35:38.534142Z,1443.0,CCO8OLX8,209,22,Male,White,Portugal,Portugal,Portugal,Portuguese,DATA_EXPIRED,DATA_EXPIRED
652dfb749ea603912937da8a,5cfc19ae3ce1c80001ddd88d,APPROVED,2023-10-17T03:11:48.213000Z,2023-10-17T03:18:10.563000Z,2023-10-17T03:18:11.126000Z,2023-10-17T03:18:11.059310Z,383.0,CCO8OLX8,371,28,Male,Mixed,Australia,Australia,Australia,English,No,Full-Time
652dfb79b420e85b8103d2f4,60f6dc1b554ea9df3855a6c8,APPROVED,2023-10-17T03:12:13.594000Z,2023-10-17T03:18:28.744000Z,2023-10-17T03:18:29.256000Z,2023-10-17T03:18:29.183099Z,376.0,CCO8OLX8,36,22,Male,White,Portugal,Portugal,Portugal,Portuguese,No,Unemployed (and job seeking)
652dfb804c09de45631eaf55,642cc97cc8746a0c9b3fd755,APPROVED,2023-10-17T03:12:00.827000Z,2023-10-17T03:32:56.273000Z,2023-10-17T03:32:56.855000Z,2023-10-17T03:32:56.785788Z,1256.0,CCO8OLX8,196,33,Male,White,Netherlands,Netherlands,Netherlands,Dutch,DATA_EXPIRED,Full-Time
652dfb811c4c4b16137c2214,6043f909d14273455e5e7436,APPROVED,2023-10-17T03:12:15.622000Z,2023-10-17T03:59:21.626000Z,2023-10-17T03:59:22.223000Z,2023-10-17T03:59:22.150074Z,2827.0,CCO8OLX8,304,23,Female,Mixed,Mexico,Mexico,Mexico,Spanish,DATA_EXPIRED,DATA_EXPIRED
652dfb82c62afb1771d1e566,5e3ddfadefe641052a0eea8c,APPROVED,2023-10-17T03:12:05.390000Z,2023-10-17T03:17:07.787000Z,2023-10-17T03:17:08.322000Z,2023-10-17T03:17:08.257604Z,303.0,CCO8OLX8,111,27,Female,Asian,Canada,Canada,Canada,English,No,Full-Time
652dfb86e2a20f7f126219d9,5f4208b6a546dc0008ac733e,APPROVED,2023-10-17T03:12:06.381000Z,2023-10-17T03:20:50.028000Z,2023-10-17T03:20:50.587000Z,2023-10-17T03:20:50.532006Z,524.0,CCO8OLX8,339,26,Male,Mixed,Mexico,Mexico,Mexico,Spanish,No,Full-Time
652dfb8676a1027c781eb3f6,615e411d1078586940f3fee9,APPROVED,2023-10-17T03:12:19.708000Z,2023-10-17T03:22:57.927000Z,2023-10-17T03:23:08.506000Z,2023-10-17T03:22:58.416144Z,639.0,CCO8OLX8,210,30,Male,Black,Zimbabwe,South Africa,South Africa,English,No,Full-Time
652dfb8b49bfd74dc82d6db4,6393dd9ff9e5c1cc22c57636,APPROVED,2023-10-17T03:12:11.894000Z,2023-10-17T03:27:16.076000Z,2023-10-17T03:27:16.655000Z,2023-10-17T03:27:16.588070Z,905.0,CCO8OLX8,343,26,Male,White,Australia,Australia,Australia,English,No,Full-Time
652dfb8fc62afb1771d1e568,605d54bdad62f3a65e139402,APPROVED,2023-10-17T03:12:15.706000Z,2023-10-17T03:18:37.658000Z,2023-10-17T03:18:38.279000Z,2023-10-17T03:18:38.189223Z,382.0,CCO8OLX8,505,34,Male,Mixed,Chile,Chile,Chile,Spanish,No,Full-Time
652dfb94aae98d815fcf5616,60fd04c10755cafdc4b80eba,APPROVED,2023-10-17T03:12:20.042000Z,2023-10-17T03:18:21.368000Z,2023-10-17T03:18:21.945000Z,2023-10-17T03:18:21.882467Z,362.0,CCO8OLX8,200,21,Female,Asian,Canada,Canada,Canada,Chinese,Yes,Part-Time
652dfb9766954cd2b5b3af92,646d4c0ab294096f5fd8c9a6,APPROVED,2023-10-17T03:12:23.591000Z,2023-10-17T03:20:16.229000Z,2023-10-17T03:20:16.781000Z,2023-10-17T03:20:16.709109Z,473.0,CCO8OLX8,45,28,Male,Asian,Cambodia,Australia,Australia,Khmer,No,DATA_EXPIRED
652dfb981c4c4b16137c2215,646bed96d5482decaf0397c9,APPROVED,2023-10-17T03:12:27.497000Z,2023-10-17T03:20:20.606000Z,2023-10-17T03:20:21.170000Z,2023-10-17T03:20:21.099132Z,474.0,CCO8OLX8,88,31,Male,White,Germany,Germany,Germany,German,No,DATA_EXPIRED
652dfb9abdb7756f2c02204e,60db9a1eb82917b04a2f99fa,APPROVED,2023-10-17T03:12:34.801000Z,2023-10-17T03:18:51.445000Z,2023-10-17T03:18:51.938000Z,2023-10-17T03:18:51.872404Z,377.0,CCO8OLX8,295,27,Male,Other,Mexico,Mexico,Mexico,Spanish,Yes,Part-Time
652dfb9aaae1ddf9454ab663,60ff5536a0a45d27c45079b9,APPROVED,2023-10-17T03:12:30.411000Z,2023-10-17T03:18:14.640000Z,2023-10-17T03:18:15.226000Z,2023-10-17T03:18:15.148468Z,345.0,CCO8OLX8,68,21,Male,White,United States,United States,United States,English,Yes,DATA_EXPIRED
652dfb9b512eac04aefdec2e,61636a4bf1a773cc305502e7,APPROVED,2023-10-17T03:12:36.702000Z,2023-10-17T03:22:04.074000Z,2023-10-17T03:22:04.690000Z,2023-10-17T03:22:04.612611Z,568.0,CCO8OLX8,231,21,Male,Other,Mexico,Mexico,Mexico,Spanish,Yes,Other
652dfb9fa1d6fa42b74e9144,60390dd01c38de312b32bbae,APPROVED,2023-10-17T03:12:47.961000Z,2023-10-17T03:21:51.625000Z,2023-10-17T03:21:55.299000Z,2023-10-17T03:21:52.114925Z,544.0,CCO8OLX8,257,47,Female,White,Hungary,Hungary,Canada,Hungarian,No,Full-Time
652dfba1d2953cf4ca4ab3cc,5ec6a814c615390ad63cbf1f,APPROVED,2023-10-17T03:12:33.840000Z,2023-10-17T03:23:32.687000Z,2023-10-17T03:23:33.235000Z,2023-10-17T03:23:33.174351Z,659.0,CCO8OLX8,567,28,Male,Mixed,Mexico,Mexico,Mexico,Spanish,No,Full-Time
652dfba505b4f7045106e8f6,5cf9de227cb81800012766ef,APPROVED,2023-10-17T03:12:50.275000Z,2023-10-17T03:22:52.051000Z,2023-10-17T03:22:52.582000Z,2023-10-17T03:22:52.517232Z,602.0,CCO8OLX8,332,35,Female,White,Canada,Canada,Canada,English,Yes,Full-Time
652dfba776a1027c781eb3fc,601857c3c3f5ce0c3e5fb913,APPROVED,2023-10-17T03:12:39.073000Z,2023-10-17T03:22:20.495000Z,2023-10-17T03:22:21.011000Z,2023-10-17T03:22:20.949839Z,582.0,CCO8OLX8,536,24,Male,Other,Mexico,Mexico,Mexico,Spanish,No,Part-Time
652dfbb02c94536d1d60896a,649261258e088c0234008167,APPROVED,2023-10-17T03:12:48.642000Z,2023-10-17T03:19:54.557000Z,2023-10-17T03:19:55.094000Z,2023-10-17T03:19:55.021875Z,426.0,CCO8OLX8,70,26,Male,White,Chile,Chile,Chile,Spanish,No,Full-Time
652dfbb1e035369ff89df8cf,613ad3239acd5465b71e04a5,APPROVED,2023-10-17T03:12:49.298000Z,2023-10-17T03:22:17.480000Z,2023-10-17T03:22:17.988000Z,2023-10-17T03:22:17.918037Z,569.0,CCO8OLX8,302,30,Female,Mixed,Mexico,Mexico,Mexico,Spanish,No,Full-Time
652dfbb24fe78a4e13c63dcf,5730f0a7dd6617000ed945c9,APPROVED,2023-10-17T03:12:50.415000Z,2023-10-17T03:23:17.473000Z,2023-10-17T03:23:18.073000Z,2023-10-17T03:23:18.005337Z,628.0,CCO8OLX8,598,28,Female,White,Estonia,Estonia,Estonia,Estonian,DATA_EXPIRED,DATA_EXPIRED
652dfbb478b15d53fe9df7ca,5cefbe6f1234ed0001970821,APPROVED,2023-10-17T03:13:12.821000Z,2023-10-17T03:22:00.420000Z,2023-10-17T03:22:00.930000Z,2023-10-17T03:22:00.862064Z,528.0,CCO8OLX8,257,46,Male,White,Spain,Spain,Spain,Spanish,No,Unemployed (and job seeking)
652dfbc0aae1ddf9454ab667,5fc452df39c5f23dd403a57e,APPROVED,2023-10-17T03:13:09.506000Z,2023-10-17T03:21:28.727000Z,2023-10-17T03:21:29.281000Z,2023-10-17T03:21:29.206678Z,500.0,CCO8OLX8,363,33,Male,Other,Saudi Arabia,Japan,Egypt,English,No,Full-Time
652dfbc13c7af9c94b06e641,6096ace01e65b3225e84d29f,APPROVED,2023-10-17T03:13:11.096000Z,2023-10-17T03:22:06.163000Z,2023-10-17T03:22:06.718000Z,2023-10-17T03:22:06.657476Z,536.0,CCO8OLX8,291,46,Female,Mixed,Cook Islands,New Zealand,New Zealand,English,DATA_EXPIRED,Full-Time
652dfbc523d23c34ce1e6fc2,5b98bdebd3ccc00001fea097,APPROVED,2023-10-17T03:13:09.061000Z,2023-10-17T03:22:57.201000Z,2023-10-17T03:22:59.030000Z,2023-10-17T03:22:57.696534Z,589.0,CCO8OLX8,368,65,Male,White,Italy,Italy,Italy,Italian,No,"Not in paid work (e.g. homemaker', 'retired or disabled)"
652dfbc6bdb7756f2c022052,63d55208f472dc9178329bcb,APPROVED,2023-10-17T03:13:14.259000Z,2023-10-17T03:20:48.596000Z,2023-10-17T15:20:30.713000Z,2023-10-17T03:20:50.033044Z,455.0,NOCODE,493,21,Male,Other,United States,United States,United States,Spanish,Yes,Part-Time
652dfbc850e17001e5e292db,60daa04078dbac52c1547920,APPROVED,2023-10-17T03:13:16.131000Z,2023-10-17T03:19:50.175000Z,2023-10-17T03:19:50.731000Z,2023-10-17T03:19:50.663629Z,395.0,CCO8OLX8,584,64,Male,White,Germany,United States,United States,English,No,"Not in paid work (e.g. homemaker', 'retired or disabled)"
652dfbcf0f1b5733a3d1e921,5ea00a03e32996000ac2da80,APPROVED,2023-10-17T03:13:29.812000Z,2023-10-17T03:19:35.151000Z,2023-10-17T03:19:35.706000Z,2023-10-17T03:19:35.632850Z,366.0,CCO8OLX8,1412,62,Female,White,United Kingdom,United Kingdom,United Kingdom,English,DATA_EXPIRED,DATA_EXPIRED
652dfbcf10c20cc5a69452d1,61593a6921f846c057296901,APPROVED,2023-10-17T03:13:35.351000Z,2023-10-17T03:22:57.508000Z,2023-10-17T03:23:03.287000Z,2023-10-17T03:22:58.198978Z,563.0,CCO8OLX8,316,22,Female,Black,Trinidad and Tobago,Canada,Trinidad and Tobago,English,Yes,Part-Time
652dfbcfe2a20f7f126219e2,56cfd0ddd691bb000697baef,APPROVED,2023-10-17T03:13:28.833000Z,2023-10-17T03:21:34.846000Z,2023-10-17T03:21:35.458000Z,2023-10-17T03:21:35.369489Z,487.0,CCO8OLX8,676,38,Male,Mixed,Mexico,Mexico,Mexico,Spanish,DATA_EXPIRED,DATA_EXPIRED
652dfbd7a720424a4ccac0c1,5ec454e23d68ea32ee554d12,APPROVED,2023-10-17T03:13:27.932000Z,2023-10-17T03:19:36.654000Z,2023-10-17T03:19:37.221000Z,2023-10-17T03:19:37.153702Z,369.0,CCO8OLX8,709,37,Female,White,France,France,France,French,No,Full-Time
652dfbd9695c824cd43b9991,5bea9d9805619d0001072057,APPROVED,2023-10-17T03:13:29.883000Z,2023-10-17T03:21:48.760000Z,2023-10-17T03:21:49.281000Z,2023-10-17T03:21:49.211140Z,499.0,CCO8OLX8,1272,46,Male,White,Netherlands,Netherlands,Netherlands,Dutch,No,Full-Time
652dfc3b05b4f7045106e909,64e8c14bbe184c20cb9d0583,APPROVED,2023-10-17T03:15:26.049000Z,2023-10-17T03:19:04.437000Z,2023-10-17T03:19:05.097000Z,2023-10-17T03:19:05.011189Z,219.0,CCO8OLX8,31,19,Male,Mixed,Hungary,Hungary,Hungary,Hungarian,Yes,Part-Time
652dfc703b3bbcbeecaca534,6169abd4e006adba4739143e,APPROVED,2023-10-17T03:16:00.319000Z,2023-10-17T03:23:29.925000Z,2023-10-17T03:23:30.478000Z,2023-10-17T03:23:30.411690Z,450.0,CCO8OLX8,406,31,Male,White,Mexico,Mexico,Mexico,Spanish,No,Unemployed (and job seeking)
652dfc7ac687f2309554bc2c,5bf5893f3a426e00019e42bc,APPROVED,2023-10-17T03:16:16.262000Z,2023-10-17T03:23:29.991000Z,2023-10-17T03:23:35.554000Z,2023-10-17T03:23:30.474852Z,434.0,CCO8OLX8,441,32,Female,White,Portugal,Portugal,Portugal,Portuguese,Yes,Part-Time
652dfcc5c62afb1771d1e58b,60415858380a051122571d55,APPROVED,2023-10-17T03:17:44.539000Z,2023-10-17T03:26:20.364000Z,2023-10-17T03:26:20.879000Z,2023-10-17T03:26:20.815006Z,516.0,CCO8OLX8,318,25,Male,White,Portugal,Portugal,Portugal,Portuguese,Yes,Full-Time
652dfd5e3ccf3f0e2ac0549a,604574465e32fd6a2bc1167e,APPROVED,2023-10-17T03:20:07.960000Z,2023-10-17T03:34:29.767000Z,2023-10-17T03:34:30.384000Z,2023-10-17T03:34:30.326300Z,862.0,CCO8OLX8,13,33,Male,Black,South Africa,South Africa,South Africa,English,Yes,Full-Time
652dfd5f5c8a87564c6a4217,65007dfdc6d55900af7e17d4,APPROVED,2023-10-17T03:20:02.931000Z,2023-10-17T03:26:38.234000Z,2023-10-17T03:26:38.730000Z,2023-10-17T03:26:38.651936Z,396.0,CCO8OLX8,14,26,Male,Asian,Philippines,Canada,Philippines,Tagalog-Filipino,Yes,Due to start a new job within the next month
652dfecc1e72078f760ebd55,5ea171c1a8782801263e7540,APPROVED,2023-10-17T03:26:04.613000Z,2023-10-17T03:31:31.919000Z,2023-10-17T03:31:32.488000Z,2023-10-17T03:31:32.416982Z,328.0,CCO8OLX8,310,22,Male,White,Portugal,Portugal,Portugal,Portuguese,No,Due to start a new job within the next month
652e046d13aa00700bfdeb6c,61717173748006894b2b54ff,APPROVED,2023-10-17T03:50:17.563000Z,2023-10-17T03:53:20.203000Z,2023-10-17T03:53:20.734000Z,2023-10-17T03:53:20.669837Z,183.0,CCO8OLX8,779,19,Male,White,Hungary,Hungary,Hungary,Hungarian,No,Other
652e04ff0f1b5733a3d1ea97,648b962b8fdb1fa686213ac1,APPROVED,2023-10-17T03:52:31.442000Z,2023-10-17T04:00:14.491000Z,2023-10-17T04:00:18.021000Z,2023-10-17T04:00:16.513901Z,464.0,CCO8OLX8,90,23,Male,Mixed,Chile,Chile,Chile,Spanish,Yes,Part-Time
652e06d07b918d7d09aca9a1,650c79eafebb23542e808e0d,APPROVED,2023-10-17T04:00:21.341000Z,2023-10-17T04:06:24.378000Z,2023-10-17T04:06:24.927000Z,2023-10-17T04:06:24.866006Z,364.0,CCO8OLX8,20,21,Female,Other,Canada,Canada,Canada,English,Yes,Part-Time
652e06d0ddc2477f10ba289c,5edeea354d54cb1a825aa8f9,APPROVED,2023-10-17T04:00:16.882000Z,2023-10-17T04:07:26.173000Z,2023-10-17T04:07:26.686000Z,2023-10-17T04:07:26.623546Z,430.0,CCO8OLX8,2656,46,Male,Asian,Pakistan,United Kingdom,United Kingdom,English,No,Full-Time
652e06d1a1d6fa42b74e92b3,5bef31aa059b3200010715dc,APPROVED,2023-10-17T04:00:17.832000Z,2023-10-17T04:07:01.670000Z,2023-10-17T04:07:02.225000Z,2023-10-17T04:07:02.162396Z,404.0,CCO8OLX8,1056,35,Female,White,United Kingdom,United Kingdom,United Kingdom,English,No,DATA_EXPIRED
652e115450e17001e5e29621,5f56253b816a8722d0af90f5,APPROVED,2023-10-17T04:45:08.699000Z,2023-10-17T05:00:26.762000Z,2023-10-17T15:20:30.883000Z,2023-10-17T05:00:27.198899Z,919.0,NOCODE,203,DATA_EXPIRED,Male,White,Poland,Poland,Poland,Polish,No,Full-Time
652e1859dc121fe6817c0657,5c4b06903566570001309394,APPROVED,2023-10-17T05:17:50.540000Z,2023-10-17T05:25:42.500000Z,2023-10-17T05:25:43.082000Z,2023-10-17T05:25:43.016112Z,472.0,CCO8OLX8,625,23,Female,White,Slovenia,Slovenia,Slovenia,Slovenian,Yes,Full-Time
652e1ae8dc121fe6817c06af,5ed8cf4782a6eb04ddf9962d,APPROVED,2023-10-17T05:27:04.159000Z,2023-10-17T05:33:50.626000Z,2023-10-17T05:33:51.199000Z,2023-10-17T05:33:51.142338Z,407.0,CCO8OLX8,2824,29,Male,White,Hungary,Hungary,Hungary,Hungarian,Yes,Full-Time
652df7c94458a9c39462182d,5f72251e27b82f11aacdd6c1,TIMED-OUT,2023-10-17T02:56:09.076000Z,,,,44709.0,,39,42,Female,Mixed,Mexico,Mexico,Mexico,Spanish,Yes,Unemployed (and job seeking)
652df7d23ccf3f0e2ac053c6,6042c01337e3ce21d97c1ed0,RETURNED,2023-10-17T02:56:18.286000Z,,,,,,88,CONSENT_REVOKED,CONSENT_REVOKED,CONSENT_REVOKED,CONSENT_REVOKED,CONSENT_REVOKED,CONSENT_REVOKED,CONSENT_REVOKED,CONSENT_REVOKED,CONSENT_REVOKED
652df82e3b455287cd022469,652ca00564f4ee5ce14a65b3,RETURNED,2023-10-17T02:59:20.773000Z,,,,,,1,CONSENT_REVOKED,CONSENT_REVOKED,CONSENT_REVOKED,CONSENT_REVOKED,CONSENT_REVOKED,CONSENT_REVOKED,CONSENT_REVOKED,CONSENT_REVOKED,CONSENT_REVOKED
652df878512eac04aefdeba8,60e2fdac332413ad86498dea,TIMED-OUT,2023-10-17T02:59:26.365000Z,,,,44512.0,,23,27,Female,Black,South Africa,South Africa,South Africa,English,No,Part-Time
652df91266954cd2b5b3af37,61012d6d362a6eaa2ca78ebd,RETURNED,2023-10-17T03:01:54.715000Z,,,,,,222,CONSENT_REVOKED,CONSENT_REVOKED,CONSENT_REVOKED,CONSENT_REVOKED,CONSENT_REVOKED,CONSENT_REVOKED,CONSENT_REVOKED,CONSENT_REVOKED,CONSENT_REVOKED
652df931e2a20f7f12621977,5fbd9bcc54453f1b0b28d89a,RETURNED,2023-10-17T03:02:13.238000Z,,,,,,465,CONSENT_REVOKED,CONSENT_REVOKED,CONSENT_REVOKED,CONSENT_REVOKED,CONSENT_REVOKED,CONSENT_REVOKED,CONSENT_REVOKED,CONSENT_REVOKED,CONSENT_REVOKED
652df94e9ea603912937da45,5e5956901ab66d03b4388a9a,TIMED-OUT,2023-10-17T03:02:38.975000Z,,,,44320.0,,233,22,Male,White,Poland,Poland,Poland,Polish,Yes,Other
652df9521c4c4b16137c21d1,60327d95fb5e6823d96d15a0,TIMED-OUT,2023-10-17T03:02:53.240000Z,,,,44306.0,,426,35,Male,Black,Zimbabwe,South Africa,Zimbabwe,English,Yes,Full-Time
652df988b5d850ebf79defd9,614ce90c61ea707afb50806a,RETURNED,2023-10-17T03:03:36.647000Z,,,,,,251,CONSENT_REVOKED,CONSENT_REVOKED,CONSENT_REVOKED,CONSENT_REVOKED,CONSENT_REVOKED,CONSENT_REVOKED,CONSENT_REVOKED,CONSENT_REVOKED,CONSENT_REVOKED
652df9a32c94536d1d60892b,605bb95e25fb0eb3edfe7c73,RETURNED,2023-10-17T03:04:03.546000Z,,,,,,272,CONSENT_REVOKED,CONSENT_REVOKED,CONSENT_REVOKED,CONSENT_REVOKED,CONSENT_REVOKED,CONSENT_REVOKED,CONSENT_REVOKED,CONSENT_REVOKED,CONSENT_REVOKED
652df9bb3c7af9c94b06e5f0,613a99fb5887bdf05a6f900a,RETURNED,2023-10-17T03:15:00.061000Z,,,,,,230,CONSENT_REVOKED,CONSENT_REVOKED,CONSENT_REVOKED,CONSENT_REVOKED,CONSENT_REVOKED,CONSENT_REVOKED,CONSENT_REVOKED,CONSENT_REVOKED,CONSENT_REVOKED
652df9de54443a5428add7d7,61544c72236c88d054490ea6,RETURNED,2023-10-17T03:05:02.319000Z,,,,,,183,CONSENT_REVOKED,CONSENT_REVOKED,CONSENT_REVOKED,CONSENT_REVOKED,CONSENT_REVOKED,CONSENT_REVOKED,CONSENT_REVOKED,CONSENT_REVOKED,CONSENT_REVOKED
652dfa0637f9abf73a6a454b,60fe5a35ce5c84613e7482c1,RETURNED,2023-10-17T03:08:08.477000Z,,,,,,44,CONSENT_REVOKED,CONSENT_REVOKED,CONSENT_REVOKED,CONSENT_REVOKED,CONSENT_REVOKED,CONSENT_REVOKED,CONSENT_REVOKED,CONSENT_REVOKED,CONSENT_REVOKED
652dfa4a96885869240ebd14,601e1cae7d6414276e39e5db,RETURNED,2023-10-17T03:06:50.798000Z,,,,,,166,CONSENT_REVOKED,CONSENT_REVOKED,CONSENT_REVOKED,CONSENT_REVOKED,CONSENT_REVOKED,CONSENT_REVOKED,CONSENT_REVOKED,CONSENT_REVOKED,CONSENT_REVOKED
652dfa5537f9abf73a6a455e,6099b7a4f107fa3e924a7620,RETURNED,2023-10-17T03:07:04.998000Z,,,,,,201,CONSENT_REVOKED,CONSENT_REVOKED,CONSENT_REVOKED,CONSENT_REVOKED,CONSENT_REVOKED,CONSENT_REVOKED,CONSENT_REVOKED,CONSENT_REVOKED,CONSENT_REVOKED
652dfa5796885869240ebd17,652cf2a2695970b0d0224bed,RETURNED,2023-10-17T03:07:11.747000Z,,,,,,0,CONSENT_REVOKED,CONSENT_REVOKED,CONSENT_REVOKED,CONSENT_REVOKED,CONSENT_REVOKED,CONSENT_REVOKED,CONSENT_REVOKED,CONSENT_REVOKED,CONSENT_REVOKED
652dfa7d571b3422cccf521a,6174ecffb39d40681e51eca2,RETURNED,2023-10-17T03:07:41.335000Z,,,,,,212,CONSENT_REVOKED,CONSENT_REVOKED,CONSENT_REVOKED,CONSENT_REVOKED,CONSENT_REVOKED,CONSENT_REVOKED,CONSENT_REVOKED,CONSENT_REVOKED,CONSENT_REVOKED
652dfafb49fa117ecc230f4b,64f39d42154e0d6b24f590d5,RETURNED,2023-10-17T03:10:06.395000Z,,,,,,9,CONSENT_REVOKED,CONSENT_REVOKED,CONSENT_REVOKED,CONSENT_REVOKED,CONSENT_REVOKED,CONSENT_REVOKED,CONSENT_REVOKED,CONSENT_REVOKED,CONSENT_REVOKED
652dfb00d86e80d24cba2928,650067ff123e31cc624280be,RETURNED,2023-10-17T03:09:52.485000Z,,,,,,12,CONSENT_REVOKED,CONSENT_REVOKED,CONSENT_REVOKED,CONSENT_REVOKED,CONSENT_REVOKED,CONSENT_REVOKED,CONSENT_REVOKED,CONSENT_REVOKED,CONSENT_REVOKED
652dfb07695c824cd43b9975,5dd73f496ca7e76e32b1aa16,RETURNED,2023-10-17T03:09:59.751000Z,,,,,,1475,CONSENT_REVOKED,CONSENT_REVOKED,CONSENT_REVOKED,CONSENT_REVOKED,CONSENT_REVOKED,CONSENT_REVOKED,CONSENT_REVOKED,CONSENT_REVOKED,CONSENT_REVOKED
652dfb5450e17001e5e292cb,64847582d222606dc6560f62,TIMED-OUT,2023-10-17T03:11:25.547000Z,,,,43794.0,,120,51,Female,White,Canada,Canada,Canada,English,No,DATA_EXPIRED
652dfb5b2f6523dc5a3b9b94,5b9839702f5e8a0001020601,TIMED-OUT,2023-10-17T03:11:33.421000Z,,,,43786.0,,343,24,Male,White,Greece,Greece,Greece,Greek,No,Unemployed (and job seeking)
652dfb83a720424a4ccac0b8,5ec5a55832a7515e8324a8a8,RETURNED,2023-10-17T03:12:08.849000Z,,,,,,614,CONSENT_REVOKED,CONSENT_REVOKED,CONSENT_REVOKED,CONSENT_REVOKED,CONSENT_REVOKED,CONSENT_REVOKED,CONSENT_REVOKED,CONSENT_REVOKED,CONSENT_REVOKED
652dfb88a1d6fa42b74e9140,605f2177e837737f7377844d,RETURNED,2023-10-17T03:12:13.799000Z,,,,,,462,CONSENT_REVOKED,CONSENT_REVOKED,CONSENT_REVOKED,CONSENT_REVOKED,CONSENT_REVOKED,CONSENT_REVOKED,CONSENT_REVOKED,CONSENT_REVOKED,CONSENT_REVOKED
652dfbc12aa3b5f2d028214b,616133983bf4f75ede943bf3,RETURNED,2023-10-17T03:13:11.176000Z,,,,,,271,CONSENT_REVOKED,CONSENT_REVOKED,CONSENT_REVOKED,CONSENT_REVOKED,CONSENT_REVOKED,CONSENT_REVOKED,CONSENT_REVOKED,CONSENT_REVOKED,CONSENT_REVOKED
652dfbcf695c824cd43b998d,652d34605630890dc87573a2,RETURNED,2023-10-17T03:13:27.408000Z,2023-10-17T03:16:19.887000Z,,2023-10-17T03:16:20.583000Z,,NOCODE,2,CONSENT_REVOKED,CONSENT_REVOKED,CONSENT_REVOKED,CONSENT_REVOKED,CONSENT_REVOKED,CONSENT_REVOKED,CONSENT_REVOKED,CONSENT_REVOKED,CONSENT_REVOKED
652dfbd3a1d6fa42b74e9149,585eb4cfc34844000174d807,RETURNED,2023-10-17T03:13:29.368000Z,,,,,,3180,CONSENT_REVOKED,CONSENT_REVOKED,CONSENT_REVOKED,CONSENT_REVOKED,CONSENT_REVOKED,CONSENT_REVOKED,CONSENT_REVOKED,CONSENT_REVOKED,CONSENT_REVOKED
652e02e7f601b9b7bd4e97a8,60087e9189ddb34b79b08be5,TIMED-OUT,2023-10-17T03:43:35.093000Z,,,,41864.0,,719,28,Male,White,Poland,Poland,Poland,Polish,Yes,Full-Time
652e0a4ac687f2309554be73,5f6214a59413141f7cb2508c,TIMED-OUT,2023-10-17T04:15:06.148000Z,,,,39973.0,,548,21,Male,White,Poland,Poland,Poland,Polish,No,Full-Time
652e0a4e23d23c34ce1e7218,650de189b6f20e6ef24e8578,TIMED-OUT,2023-10-17T04:15:10.617000Z,,,,39969.0,,34,47,Male,White,Poland,Poland,Poland,Polish,No,Full-Time
652e1859c687f2309554c04d,6501c0a2e788b5556c24569d,RETURNED,2023-10-17T05:26:00.049000Z,,,,,,74,CONSENT_REVOKED,CONSENT_REVOKED,CONSENT_REVOKED,CONSENT_REVOKED,CONSENT_REVOKED,CONSENT_REVOKED,CONSENT_REVOKED,CONSENT_REVOKED,CONSENT_REVOKED
