Submission id,Participant id,Status,Started at,Completed at,Reviewed at,Archived at,Time taken,Completion code,Total approvals,Age,Sex,Ethnicity simplified,Country of birth,Country of residence,Nationality,Language,Student status,Employment status
6406d81150eb0a1cecc18bad,62ef104b5e9352c2ead31fde,APPROVED,2023-03-07T06:22:13.998000Z,2023-03-07T06:38:28.309000Z,2023-03-07T15:51:17.365000,2023-03-07T06:38:28.670614Z,975,C90GA43K,1589,59,Male,White,United States,United States,United States,English,No,Full-Time
6406d8140da4dbb7acf7242c,616c056b42e788ef31efc4b0,APPROVED,2023-03-07T06:22:12.859000Z,2023-03-07T06:32:36.898000Z,2023-03-07T15:51:17.527000,2023-03-07T06:32:37.227429Z,625,C90GA43K,1365,38,Female,Asian,United States,United States,United States,English,No,Full-Time
6406d814485e592a675c6086,631e235a33040da66ddf51a1,APPROVED,2023-03-07T06:22:12.413000Z,2023-03-07T06:38:27.048000Z,2023-03-07T15:51:17.668000,2023-03-07T06:38:27.431897Z,975,C90GA43K,906,36,Male,White,United States,United States,United States,English,DATA_EXPIRED,DATA_EXPIRED
6406d8157b8d1f056abfefe0,57dd186e6598aa0001992616,APPROVED,2023-03-07T06:22:24.851000Z,2023-03-07T06:31:49.161000Z,2023-03-07T15:51:17.822000,2023-03-07T06:31:49.466726Z,565,C90GA43K,4865,35,Male,DATA_EXPIRED,United States,United States,United States,English,DATA_EXPIRED,Full-Time
6406d816d1c30c66a4c8dbc3,63d2147f2761fcc9919475dc,APPROVED,2023-03-07T06:22:18.502000Z,2023-03-07T06:31:22.620000Z,2023-03-07T15:51:17.983000,2023-03-07T06:31:23.013649Z,545,C90GA43K,253,41,Male,White,United States,United States,United States,English,No,Full-Time
6406d81771627e732f596604,6018a5c0e1600b187ccb8693,APPROVED,2023-03-07T06:22:15.649000Z,2023-03-07T06:30:00.276000Z,2023-03-07T15:51:18.127000,2023-03-07T06:30:00.700192Z,465,C90GA43K,2212,25,Male,Asian,United States,United States,United States,English,Yes,Full-Time
6406d8181ad891ca2889a3b7,5e55d9d5bcdb1e5f55cca145,APPROVED,2023-03-07T06:22:19.914000Z,2023-03-07T06:34:42.800000Z,2023-03-07T15:51:18.261000,2023-03-07T06:34:43.258563Z,743,C90GA43K,4248,38,Male,Other,United States,United States,United States,English,No,Full-Time
6406d818d3c355dbd62cd56d,59d8ae913e5ea00001e1d05f,APPROVED,2023-03-07T06:22:16.550000Z,2023-03-07T06:31:44.684000Z,2023-03-07T15:51:18.416000,2023-03-07T06:31:45.030941Z,569,C90GA43K,4058,34,Male,White,United States,United States,United States,English,DATA_EXPIRED,DATA_EXPIRED
6406d81a03902f20011f86dc,631b4849c2daec6a4966605c,APPROVED,2023-03-07T06:22:18.436000Z,2023-03-07T06:38:49.333000Z,2023-03-07T15:51:18.557000,2023-03-07T06:38:49.710823Z,991,C90GA43K,741,37,Male,Black,United States,United States,United States,English,No,Part-Time
6406d81abe355dc828b1cddd,5d0d16d991270800010b7dd7,APPROVED,2023-03-07T06:22:18.661000Z,2023-03-07T06:36:10.778000Z,2023-03-07T15:51:18.701000,2023-03-07T06:36:11.219926Z,833,C90GA43K,2077,38,Male,White,United States,United States,United States,English,No,Full-Time
6406d81ae1b597463249f356,5f66893ee1a5b726ff88b66f,APPROVED,2023-03-07T06:22:18.881000Z,2023-03-07T06:30:47.677000Z,2023-03-07T15:51:18.835000,2023-03-07T06:30:48.090659Z,509,C90GA43K,1532,41,Male,Asian,United States,United States,United States,English,DATA_EXPIRED,DATA_EXPIRED
6406d81b67168d37315acaa0,5dec8925be656d35d4005320,APPROVED,2023-03-07T06:22:19.140000Z,2023-03-07T06:38:10.265000Z,2023-03-07T15:51:18.969000,2023-03-07T06:38:10.583625Z,952,C90GA43K,3287,59,Male,White,United States,United States,United States,English,No,"Not in paid work (e.g. homemaker', 'retired or disabled)"
6406d81c8c637a7813568c21,5f6fd1451758e95a989623b2,APPROVED,2023-03-07T06:22:32.035000Z,2023-03-07T06:35:40.148000Z,2023-03-07T15:51:19.121000,2023-03-07T06:35:40.497416Z,789,C90GA43K,2182,50,Male,White,United States,United States,United States,English,No,Part-Time
6406d81cf5ba28da8bdb9006,59a1ddac5dfd6b000152601f,APPROVED,2023-03-07T06:22:20.653000Z,2023-03-07T06:32:41.410000Z,2023-03-07T15:51:19.290000,2023-03-07T06:32:41.760939Z,621,C90GA43K,1417,35,Male,White,United States,United States,United States,English,DATA_EXPIRED,DATA_EXPIRED
6406d81e07f32548b6ea33c1,610cd5f2b38b2d1bffe55477,APPROVED,2023-03-07T06:22:25.539000Z,2023-03-07T06:53:02.123000Z,2023-03-07T15:51:19.457000,2023-03-07T06:53:02.534427Z,1837,C90GA43K,2426,31,Male,White,United States,United States,United States,Spanish,Yes,Unemployed (and job seeking)
6406d81e10e37a7c5d4cd093,5d6955108c4ab2001aa1b37b,APPROVED,2023-03-07T06:22:25.788000Z,2023-03-07T06:34:58.500000Z,2023-03-07T15:51:19.618000,2023-03-07T06:34:58.878213Z,753,C90GA43K,728,24,Male,White,DATA_EXPIRED,United States,United States,English,DATA_EXPIRED,DATA_EXPIRED
6406d8205fef8df1a05c6082,63d42902a85ae3e7b4920266,APPROVED,2023-03-07T06:22:30.167000Z,2023-03-07T06:29:57.861000Z,2023-03-07T15:51:19.770000,2023-03-07T06:29:58.200873Z,448,C90GA43K,225,33,Male,Asian,United States,United States,United States,English,Yes,Full-Time
6406d8206a9808462fb1ce30,63e316f79fdeba5ba50385e1,APPROVED,2023-03-07T06:25:06.835000Z,2023-03-07T07:08:22.020000Z,2023-03-07T15:51:19.921000,2023-03-07T07:08:22.438458Z,2596,C90GA43K,126,25,Male,Other,United States,United States,United States,English,No,DATA_EXPIRED
6406d8bff04d06a81259662a,5f084a7987a3fe028ff65b8a,APPROVED,2023-03-07T06:25:22.391000Z,2023-03-07T06:49:25.498000Z,2023-03-07T15:51:20.075000,2023-03-07T06:49:25.902527Z,1444,C90GA43K,1863,42,Female,White,United States,United States,United States,English,DATA_EXPIRED,DATA_EXPIRED
6406d96cc7bad31615ce057c,63268e60fbfb9c73671faa37,APPROVED,2023-03-07T06:28:00.597000Z,2023-03-07T06:45:10.645000Z,2023-03-07T15:51:20.227000,2023-03-07T06:45:11.058094Z,1031,C90GA43K,891,19,Male,Asian,United States,United States,United States,English,Yes,Other
6407ce4232273a125bdc332e,55d35447da14d7000e95318f,APPROVED,2023-03-07T23:52:38.360000Z,2023-03-08T00:00:12.696000Z,2023-03-08T05:06:05.210000,2023-03-08T00:00:41.269473Z,455,C90GA43K,2738,35,Male,White,United States,United States,United States,English,No,Full-Time
6407ce43bd9e3fb95f83a099,5cb67a7ab73e8a001507fae5,APPROVED,2023-03-07T23:52:38.586000Z,2023-03-08T00:02:58.344000Z,2023-03-08T05:06:05.319000,2023-03-08T00:04:37.411310Z,620,C90GA43K,2681,52,Male,White,United States,United States,United States,English,No,Full-Time
6407ce46e481ce113aa9a734,60d2cf988de167c9da56eeb0,APPROVED,2023-03-07T23:55:25.275000Z,2023-03-08T00:03:49.795000Z,2023-03-08T05:06:05.420000,2023-03-08T00:04:43.911977Z,505,C90GA43K,3386,49,Male,White,United States,United States,United States,English,No,Full-Time
6407ce477202a50c26f19b50,5e28e8730fd86a0a19e084cd,APPROVED,2023-03-07T23:52:39.556000Z,2023-03-07T23:59:41.216000Z,2023-03-08T05:06:05.523000,2023-03-07T23:59:41.889824Z,422,C90GA43K,2625,38,Male,White,United States,United States,United States,English,DATA_EXPIRED,DATA_EXPIRED
6407ce48bd65d2cc95931139,58935d5d4d77be0001689f14,APPROVED,2023-03-07T23:52:41.800000Z,2023-03-08T00:00:05.081000Z,2023-03-08T05:06:05.630000,2023-03-08T00:00:05.450823Z,444,C90GA43K,908,32,Male,White,United States,United States,United States,English,No,Full-Time
6407ce48c61841e54cd214da,62bdcbe0bf0f03430820ad59,APPROVED,2023-03-07T23:52:45.491000Z,2023-03-08T00:01:39.602000Z,2023-03-08T05:06:05.733000,2023-03-08T00:04:02.112348Z,535,NOCODE,1080,48,Female,Mixed,United States,United States,United States,English,No,Full-Time
6407ce4926c6e8b15a792b7e,63d69e4d6648b39324fdf0ad,APPROVED,2023-03-07T23:52:44.291000Z,2023-03-08T00:07:17.252000Z,2023-03-08T05:06:05.843000,2023-03-08T00:07:17.624411Z,873,C90GA43K,156,30,Male,Asian,United States,United States,United States,English,No,DATA_EXPIRED
6407ce49952a9ae48c9f7fad,61363ce02e6022a741d63a6e,APPROVED,2023-03-07T23:52:47.898000Z,2023-03-08T00:13:00.728000Z,2023-03-08T05:06:05.946000,2023-03-08T00:13:01.043818Z,1213,C90GA43K,2070,26,Male,White,United States,United States,United States,English,No,Full-Time
6407ce4a2b2e52d02597e76e,62fe673463cda03362b2d4c3,APPROVED,2023-03-07T23:52:50.790000Z,2023-03-08T00:09:07.822000Z,2023-03-08T05:06:06.050000,2023-03-08T00:09:08.193217Z,978,C90GA43K,700,28,Male,White,United States,United States,United States,English,No,Full-Time
6407ce4a364ca27467f07e4a,5e04f438afb8b0f5afa75f08,APPROVED,2023-03-07T23:52:47.032000Z,2023-03-08T00:01:29.200000Z,2023-03-08T05:06:06.152000,2023-03-08T00:03:40.426515Z,523,C90GA43K,674,37,Male,White,United States,United States,United States,English,No,Full-Time
6407ce4b1dbe1b518cf07e5d,5adb8015f6b58c0001fa382f,APPROVED,2023-03-07T23:54:47.222000Z,2023-03-08T00:04:27.439000Z,2023-03-08T05:06:06.248000,2023-03-08T00:04:47.053461Z,581,C90GA43K,836,30,Male,White,United States,United States,United States,English,Yes,Part-Time
6407ce4b5b075dbc28df5db9,5e27727328b7b698b037ee6c,APPROVED,2023-03-07T23:52:43.896000Z,2023-03-08T00:04:06.165000Z,2023-03-08T05:06:06.351000,2023-03-08T00:04:42.773332Z,683,C90GA43K,4269,37,Male,White,United States,United States,United States,English,No,Full-Time
6407ce4ca1290db6e7214599,62850d0754941f925e1af397,APPROVED,2023-03-07T23:55:08.671000Z,2023-03-08T00:09:18.038000Z,2023-03-08T05:06:06.454000,2023-03-08T00:09:18.418594Z,850,C90GA43K,1650,53,Male,White,United States,United States,United States,English,No,Other
6407ce4d893130d077f29329,5be8a1701664db0001d804f8,APPROVED,2023-03-07T23:52:45.100000Z,2023-03-08T00:16:43.999000Z,2023-03-08T05:06:06.558000,2023-03-08T00:16:44.346376Z,1439,C90GA43K,3295,54,Female,Mixed,Brazil,United States,United States,English,No,Part-Time
6407ce4e2dc1e7af7cdc331d,5e6813ada1c2de09bc51d9b2,APPROVED,2023-03-07T23:52:50.750000Z,2023-03-08T00:13:53.705000Z,2023-03-08T05:06:06.657000,2023-03-08T00:13:54.045524Z,1263,C90GA43K,2103,39,Male,White,United States,United States,United States,English,No,"Not in paid work (e.g. homemaker', 'retired or disabled)"
6407ce4e33da017bf5f19b72,5d4ce9a10d550e0015bfb0a2,APPROVED,2023-03-07T23:52:56.955000Z,2023-03-08T00:04:48.972000Z,2023-03-08T05:06:06.758000,2023-03-08T00:04:56.835643Z,713,C90GA43K,162,39,Female,White,United States,United States,United States,English,No,"Not in paid work (e.g. homemaker', 'retired or disabled)"
6407ce4e7202a50c26f19b51,5eb02a40b17a8c0868685d32,APPROVED,2023-03-07T23:52:48.799000Z,2023-03-08T00:03:13.440000Z,2023-03-08T05:06:06.861000,2023-03-08T00:04:37.711577Z,625,C90GA43K,3986,47,Female,White,Italy,United States,United States,English,No,DATA_EXPIRED
6407ce4f5b075dbc28df5dbb,5ea92954ef7ece00096faf5a,APPROVED,2023-03-07T23:52:50.695000Z,2023-03-08T00:06:22.479000Z,2023-03-08T05:06:06.966000,2023-03-08T00:06:22.858537Z,812,C90GA43K,3556,27,Female,Asian,United States,United States,United States,English,No,Full-Time
6407ce4f6415f2e55f2be664,63d152b604e8c21933a58a66,APPROVED,2023-03-07T23:53:13.149000Z,2023-03-08T00:01:44.948000Z,2023-03-08T05:06:07.068000,2023-03-08T00:03:57.472133Z,512,C90GA43K,171,32,Male,White,United States,United States,United States,English,No,"Not in paid work (e.g. homemaker', 'retired or disabled)"
6407ce4fcc8ff20af4192914,5b16e1a5457ace0001b40d46,APPROVED,2023-03-07T23:52:49.285000Z,2023-03-08T00:03:16.042000Z,2023-03-08T05:06:07.172000,2023-03-08T00:04:45.032073Z,627,C90GA43K,528,42,Female,Asian,Indonesia,United States,United States,Indonesian,No,Full-Time
6407ce503189b53e65a9a74f,5bbf523d83f9790001ce549a,APPROVED,2023-03-07T23:52:53.034000Z,2023-03-08T00:07:02.818000Z,2023-03-08T05:06:07.273000,2023-03-08T00:07:03.343829Z,850,C90GA43K,3594,60,Female,White,United States,United States,United States,English,No,Full-Time
6407ce5063e39bd20c8e7fcd,5c2a92b4b8e5f900015b3f58,APPROVED,2023-03-07T23:52:55.153000Z,2023-03-08T00:01:12.436000Z,2023-03-08T05:06:07.376000,2023-03-08T00:03:17.447622Z,498,C90GA43K,2007,31,Female,White,Germany,United States,United States,German,No,Full-Time
6407ce5066709542bbcc7e93,62e05a40c77214b0772d5596,APPROVED,2023-03-07T23:52:51.030000Z,2023-03-08T00:06:15.620000Z,2023-03-08T05:06:07.478000,2023-03-08T00:06:16.067848Z,805,C90GA43K,755,59,Female,White,United States,United States,United States,English,No,DATA_EXPIRED
6407ce517202a50c26f19b54,5a84f454ae9a0b0001a9e4e5,APPROVED,2023-03-07T23:52:54.259000Z,2023-03-08T00:06:11.394000Z,2023-03-08T05:06:07.580000,2023-03-08T00:06:11.781842Z,798,C90GA43K,6109,46,Male,White,United States,United States,United States,English,No,Full-Time
6407ce51cb3e2463b1d214e3,62b9e4368ad5a5515bec4da9,APPROVED,2023-03-07T23:52:49.851000Z,2023-03-08T00:01:40.210000Z,2023-03-08T05:06:07.681000,2023-03-08T00:03:55.069115Z,531,C90GA43K,411,31,Male,Other,United States,United States,United States,Spanish,DATA_EXPIRED,DATA_EXPIRED
6407ce524a23c6128ba48fd0,60ee94db81cb621683412b8a,APPROVED,2023-03-07T23:52:54.338000Z,2023-03-08T00:00:55.540000Z,2023-03-08T05:06:07.794000,2023-03-08T00:03:13.577413Z,482,C90GA43K,1012,27,Female,White,United States,United States,United States,English,DATA_EXPIRED,DATA_EXPIRED
6407ce5258c5a6d94aa48fe5,5dde8fba82f458000c8c7c75,APPROVED,2023-03-07T23:52:50.199000Z,2023-03-08T00:06:30.183000Z,2023-03-08T05:06:08.173000,2023-03-08T00:06:30.527312Z,820,C90GA43K,4065,41,Male,White,United States,United States,United States,English,No,Full-Time
6407ce5310537eb6928e7f62,5d5181fc842e8600171e5a78,APPROVED,2023-03-07T23:53:01.367000Z,2023-03-08T00:06:52.143000Z,2023-03-08T05:06:08.274000,2023-03-08T00:06:52.617807Z,831,C90GA43K,3670,38,Male,White,Italy,United States,United States,English,No,Full-Time
6407ce532e2694c0e6a115c8,62bdc30224534809032cf056,APPROVED,2023-03-07T23:52:51.232000Z,2023-03-08T00:05:28.473000Z,2023-03-08T05:06:08.382000,2023-03-08T00:05:28.849429Z,758,C90GA43K,1916,32,Male,Asian,India,United States,United States,English,No,Full-Time
6407ce5430ef0dd231e64f75,63e64959bf1cb4617fa269e5,APPROVED,2023-03-07T23:52:59.793000Z,2023-03-08T00:04:15.306000Z,2023-03-08T05:06:08.488000,2023-03-08T00:04:50.463050Z,676,C90GA43K,228,56,Male,White,United States,United States,United States,English,No,Full-Time
6407ce54917d5ae8b1f07e05,63df1d550a6028079e564d7e,APPROVED,2023-03-07T23:53:00.480000Z,2023-03-08T00:04:56.615000Z,2023-03-08T05:06:08.599000,2023-03-08T00:04:56.958110Z,717,C90GA43K,196,53,Female,White,United States,United States,United States,English,No,Full-Time
6407ce5519fdac93ead214f9,60c25b6289c6ae2b40bcf2cb,APPROVED,2023-03-07T23:52:56.939000Z,2023-03-08T00:03:51.287000Z,2023-03-08T05:06:08.704000,2023-03-08T00:04:42.456171Z,655,C90GA43K,983,31,Male,White,United States,United States,United States,English,No,Full-Time
6407ce557e4948625013ac01,636900dbc65a1b361be8e82f,APPROVED,2023-03-07T23:52:58.899000Z,2023-03-08T00:14:41.393000Z,2023-03-08T05:06:08.813000,2023-03-08T00:14:41.785283Z,1303,C90GA43K,770,39,Male,White,United States,United States,United States,English,Yes,Full-Time
6407ce55c6ffde75522c75c8,5dd2f94a238a913096c52317,APPROVED,2023-03-07T23:53:05.039000Z,2023-03-08T00:03:56.152000Z,2023-03-08T05:06:08.917000,2023-03-08T00:04:46.060424Z,652,C90GA43K,4494,40,Female,White,United States,United States,United States,English,No,Full-Time
6407ce55ca768197ac24a73e,64013a87deea9afecb68b755,APPROVED,2023-03-07T23:52:59.484000Z,2023-03-08T00:02:18.305000Z,2023-03-08T05:06:09.028000,2023-03-08T00:04:18.935153Z,559,C90GA43K,54,25,Male,Mixed,United States,United States,United States,English,Yes,Due to start a new job within the next month
6407ce562d712d33f3450ed6,602454a47d0d7d121a1e444b,APPROVED,2023-03-08T00:01:38.644000Z,2023-03-08T00:16:35.379000Z,2023-03-08T05:06:09.135000,2023-03-08T00:16:35.760400Z,897,C90GA43K,2285,36,Male,White,United States,United States,United States,English,Yes,Full-Time
6407ce5677d8ae11e607adfd,5dabd2828a78c7001c59eb82,APPROVED,2023-03-07T23:53:29.120000Z,2023-03-08T00:03:53.453000Z,2023-03-08T05:06:09.239000,2023-03-08T00:04:45.414548Z,625,C90GA43K,37,26,Female,White,United States,United States,United States,English,No,Full-Time
6407ce56cefef2ce69f1b40c,55b42b7cfdf99b5244217cf4,APPROVED,2023-03-07T23:54:17.624000Z,2023-03-08T00:15:39.848000Z,2023-03-08T05:06:09.343000,2023-03-08T00:15:40.186389Z,1283,C90GA43K,2124,36,Female,Other,Peru,United States,United States,English,No,Full-Time
6407ce573795ba478da54062,58f0fca0d40252000192f201,APPROVED,2023-03-07T23:53:28.313000Z,2023-03-08T00:02:36.487000Z,2023-03-08T05:06:09.457000,2023-03-08T00:04:31.509779Z,549,C90GA43K,6470,42,Male,White,United States,United States,United States,English,No,Full-Time
6407ce5740ac23bda83c8477,5d338bb02381b7001761694e,APPROVED,2023-03-07T23:52:58.414000Z,2023-03-08T00:03:08.107000Z,2023-03-08T05:06:09.577000,2023-03-08T00:04:36.339844Z,610,C90GA43K,4198,52,Male,White,United States,United States,United States,English,No,Full-Time
6407ce575517e90b9f4e17fe,62adcf439ff48317ff72e773,APPROVED,2023-03-07T23:52:55.688000Z,2023-03-08T00:09:35.048000Z,2023-03-08T05:06:09.683000,2023-03-08T00:09:35.423411Z,1000,C90GA43K,1284,33,Male,Black,Ghana,United States,United States,English,Yes,Full-Time
6407ce58346182f78be452b1,5f16f559325a640008bb9a07,APPROVED,2023-03-07T23:52:59.602000Z,2023-03-08T00:05:46.920000Z,2023-03-08T05:06:09.787000,2023-03-08T00:05:48.088329Z,768,C90GA43K,4477,35,Male,White,United States,United States,United States,English,No,Full-Time
6407ce584e966c7a81d499bb,5e065c9fe78021031a4b1d59,APPROVED,2023-03-07T23:52:58.440000Z,2023-03-08T00:00:14.495000Z,2023-03-08T05:06:09.894000,2023-03-08T00:00:45.238649Z,437,C90GA43K,2822,27,Female,White,United States,United States,United States,English,No,Full-Time
6407ce585f2f75931edf5db2,62865960812a0a8c397f9b28,APPROVED,2023-03-07T23:52:56.662000Z,2023-03-08T00:06:58.930000Z,2023-03-08T05:06:10.008000,2023-03-08T00:06:59.285161Z,843,C90GA43K,1959,34,Male,Asian,China,United States,United States,Chinese,No,Full-Time
6407ce592dc1e7af7cdc331f,6400f48e76e4ff43dec314f2,APPROVED,2023-03-07T23:52:57.246000Z,2023-03-08T00:05:18.392000Z,2023-03-08T05:06:10.119000,2023-03-08T00:05:18.796553Z,742,C90GA43K,57,30,Male,White,United States,United States,United States,English,No,Part-Time
6407ce5981783d9f5ce64f1c,5b757a03976ecb0001b1168f,APPROVED,2023-03-07T23:53:04.206000Z,2023-03-08T00:05:20.315000Z,2023-03-08T05:06:10.225000,2023-03-08T00:05:20.683027Z,737,C90GA43K,1784,71,Female,White,United States,United States,United States,English,No,"Not in paid work (e.g. homemaker', 'retired or disabled)"
6407ce5af2142c106ce452c5,60ef44f89b4d67be02d8eca9,APPROVED,2023-03-07T23:53:10.092000Z,2023-03-08T00:03:30.239000Z,2023-03-08T05:06:10.334000,2023-03-08T00:04:37.476913Z,621,C90GA43K,445,36,Male,White,United States,United States,United States,English,No,Full-Time
6407ce5b26c6e8b15a792b80,628feaaa86e683cdbebf98a0,APPROVED,2023-03-07T23:52:59.969000Z,2023-03-07T23:59:46.653000Z,2023-03-08T05:06:10.442000,2023-03-07T23:59:47.645746Z,407,C90GA43K,1125,30,DATA_EXPIRED,DATA_EXPIRED,United States,United States,United States,English,DATA_EXPIRED,DATA_EXPIRED
6407ce5b917d5ae8b1f07e07,5d615f7632cfbd001b1b6dcb,APPROVED,2023-03-07T23:55:02.140000Z,2023-03-08T00:07:20.672000Z,2023-03-08T05:06:10.546000,2023-03-08T00:07:21.297793Z,739,C90GA43K,4322,73,Male,White,United States,United States,United States,English,No,"Not in paid work (e.g. homemaker', 'retired or disabled)"
6407ce5c1e26741f768a7e99,5ef6601481666334a551ebe7,APPROVED,2023-03-07T23:53:04.055000Z,2023-03-08T00:06:33.913000Z,2023-03-08T05:06:10.654000,2023-03-08T00:06:34.369735Z,810,C90GA43K,1769,23,Female,Asian,United States,United States,United States,Chinese,No,Unemployed (and job seeking)
6407ce5ca37df03f2c21456f,5a76a56c1904200001556da9,APPROVED,2023-03-07T23:53:03.037000Z,2023-03-08T00:03:11.635000Z,2023-03-08T05:06:10.764000,2023-03-08T00:04:36.258866Z,609,C90GA43K,1838,51,Female,White,United States,United States,United States,English,No,Full-Time
6407ce5cc431a66bd993111f,5ddc07391e42a9000b2622be,APPROVED,2023-03-07T23:53:47.435000Z,2023-03-08T00:09:08.464000Z,2023-03-08T05:06:10.875000,2023-03-08T00:09:08.781361Z,922,C90GA43K,1822,57,Female,White,United States,United States,United States,English,No,DATA_EXPIRED
6407ce5d43d49d0f92cfba97,5db4a409d27e05000f0eaa00,APPROVED,2023-03-07T23:53:08.618000Z,2023-03-08T00:07:27.407000Z,2023-03-08T05:06:10.986000,2023-03-08T00:07:27.811943Z,859,C90GA43K,4381,32,Male,White,United States,United States,United States,English,No,"Not in paid work (e.g. homemaker', 'retired or disabled)"
6407ce5d77d8ae11e607ae00,6294ea611ee4f49421c6b905,APPROVED,2023-03-07T23:53:12.879000Z,2023-03-08T00:01:10.705000Z,2023-03-08T05:06:11.092000,2023-03-08T00:03:20.604922Z,478,C90GA43K,1677,36,Male,White,United States,United States,United States,English,No,Unemployed (and job seeking)
6407ce5dae76e16f14e80abd,628e5f283594e1a48a04886f,APPROVED,2023-03-07T23:53:07.264000Z,2023-03-08T00:04:40.097000Z,2023-03-08T05:06:11.206000,2023-03-08T00:04:47.755470Z,693,C90GA43K,1776,32,Male,White,United States,United States,United States,English,No,Part-Time
6407ce5de2667e6b594e17cd,5b5cff1c9351420001b78419,APPROVED,2023-03-07T23:53:01.439000Z,2023-03-08T00:01:55.395000Z,2023-03-08T05:06:11.311000,2023-03-08T00:04:11.258062Z,534,C90GA43K,846,33,Male,White,United States,United States,United States,English,No,Full-Time
6407ce5de481ce113aa9a738,640116c8ac12a41ff02a9a2d,APPROVED,2023-03-07T23:53:00.997000Z,2023-03-08T00:00:31.700000Z,2023-03-08T05:06:11.422000,2023-03-08T00:02:24.074135Z,451,C90GA43K,36,23,Male,White,United States,United States,United States,English,Yes,Unemployed (and job seeking)
6407ce5e1303b33aace80a84,5f0d2ad60ad0d6730c380b05,APPROVED,2023-03-07T23:53:02.488000Z,2023-03-08T00:34:39.234000Z,2023-03-08T05:06:11.530000,2023-03-08T00:34:39.654834Z,2497,C90GA43K,2014,50,Male,DATA_EXPIRED,United States,United States,United States,English,No,DATA_EXPIRED
6407ce5e1303b33aace80a86,5a8c2da3eea3d300016ea27c,APPROVED,2023-03-07T23:53:19.827000Z,2023-03-08T00:07:36.217000Z,2023-03-08T05:06:11.633000,2023-03-08T00:07:36.619727Z,857,C90GA43K,2995,56,Female,White,United States,United States,United States,English,DATA_EXPIRED,DATA_EXPIRED
6407ce5e37a6cd1ccfa115e3,60fd592929e8016e53a167a6,APPROVED,2023-03-07T23:53:02.937000Z,2023-03-08T00:05:06.715000Z,2023-03-08T05:06:11.744000,2023-03-08T00:05:07.343348Z,724,C90GA43K,808,22,Female,White,United States,United States,United States,English,No,Full-Time
6407ce5ed5199fec6797e7a6,615d051e2366aeb051acb734,APPROVED,2023-03-07T23:53:06.576000Z,2023-03-08T00:00:33.054000Z,2023-03-08T05:06:11.850000,2023-03-08T00:02:25.584571Z,447,C90GA43K,2199,31,Female,Asian,China,United States,United States,Chinese,Yes,Full-Time
6407ce5f8201bf2cf1767941,5d4a41890e604c00011ade8b,APPROVED,2023-03-07T23:53:06.057000Z,2023-03-08T00:35:07.726000Z,2023-03-08T05:06:11.956000,2023-03-08T00:35:08.134064Z,2522,C90GA43K,4322,27,Male,Asian,United States,United States,United States,English,No,Full-Time
6407ce5fc8948e240c192951,601b75077aa0425330b81e36,APPROVED,2023-03-07T23:53:05.683000Z,2023-03-08T00:06:19.561000Z,2023-03-08T05:06:12.064000,2023-03-08T00:06:20.131028Z,794,C90GA43K,3946,70,Male,White,United States,United States,United States,English,DATA_EXPIRED,DATA_EXPIRED
6407ce5fdff40f9b0cf292a2,5e9f397c9286a70c1279d0b4,APPROVED,2023-03-07T23:53:11.776000Z,2023-03-08T00:04:46.841000Z,2023-03-08T05:06:12.173000,2023-03-08T00:04:52.456784Z,696,C90GA43K,1366,49,Male,White,United States,United States,United States,English,No,Full-Time
6407ce5ffd1bdaf8368a7ec9,6345bfdce5f06f5b4ee98ea8,APPROVED,2023-03-07T23:53:03.645000Z,2023-03-08T00:14:23.557000Z,2023-03-08T05:06:12.292000,2023-03-08T00:14:27.430783Z,1280,C90GA43K,810,36,Male,Black,United States,United States,United States,English,No,Full-Time
6407ce6007cdf4a885f07e5b,614f6bad672ef7cf5ecfd965,APPROVED,2023-03-07T23:53:18.342000Z,2023-03-08T00:06:10.426000Z,2023-03-08T05:06:12.404000,2023-03-08T00:06:10.780805Z,773,C90GA43K,3431,65,Male,White,United States,United States,United States,English,No,Full-Time
6407ce601af1e757ac2be687,62e097c92160176b0b9c2619,APPROVED,2023-03-07T23:53:09.692000Z,2023-03-08T00:04:47.019000Z,2023-03-08T05:06:12.519000,2023-03-08T00:04:49.053248Z,698,C90GA43K,1408,37,Female,White,United States,United States,United States,English,No,Full-Time
6407ce60a8697fcd4d97e7a0,63d44472a72a227e0fef6bdc,APPROVED,2023-03-07T23:53:09.845000Z,2023-03-08T00:02:58.478000Z,2023-03-08T05:06:12.629000,2023-03-08T00:04:34.538666Z,589,C90GA43K,267,26,Male,White,United States,United States,United States,English,No,Unemployed (and job seeking)
6407ce6175fb452ea41e6d8b,58adfc6e7cf56d0001f931a2,APPROVED,2023-03-07T23:53:07.989000Z,2023-03-08T00:23:42.857000Z,2023-03-08T05:06:12.743000,2023-03-08T00:23:43.223161Z,1835,C90GA43K,3040,25,Male,Black,United States,United States,United States,English,Yes,Other
6407ce618683ed7f4c61e699,5e0d256753e8464d64940925,APPROVED,2023-03-07T23:53:09.765000Z,2023-03-08T00:01:45.791000Z,2023-03-08T05:06:12.852000,2023-03-08T00:03:57.730756Z,517,C90GA43K,3857,55,Female,White,United States,United States,United States,English,No,"Not in paid work (e.g. homemaker', 'retired or disabled)"
6407ce61b40f5c54c7767963,60ff8095fe0067960a67ab9b,APPROVED,2023-03-07T23:53:09.030000Z,2023-03-08T00:01:53.687000Z,2023-03-08T05:06:12.960000,2023-03-08T00:04:02.072512Z,525,C90GA43K,777,21,Male,Asian,India,United States,United States,Urdu,DATA_EXPIRED,DATA_EXPIRED
6407ce621d95404b48e9bffe,5d531dbf8c48ca00018560a7,APPROVED,2023-03-07T23:53:25.801000Z,2023-03-08T00:06:56.784000Z,2023-03-08T05:06:13.069000,2023-03-08T00:06:57.242968Z,811,C90GA43K,2113,DATA_EXPIRED,Female,Asian,United States,United States,United States,English,DATA_EXPIRED,Full-Time
6407ce62575dfa94d7c4c72e,63c3068bd61c16717eeea2e5,APPROVED,2023-03-07T23:53:12.216000Z,2023-03-08T00:03:26.810000Z,2023-03-08T05:06:13.180000,2023-03-08T00:04:40.062772Z,615,C90GA43K,289,58,Female,White,United States,United States,United States,English,No,Part-Time
6407ce62a1290db6e721459c,5baa535fa3c9170001156197,APPROVED,2023-03-07T23:53:06.698000Z,2023-03-08T00:07:18.683000Z,2023-03-08T05:06:13.291000,2023-03-08T00:07:19.104328Z,852,5baa535fa3c9170001156197,4654,33,Female,Mixed,United States,United States,United States,English,DATA_EXPIRED,Full-Time
6407ce62ede9de9b12a9a758,63bed6e176fba857a47fbaff,APPROVED,2023-03-07T23:53:06.038000Z,2023-03-08T00:09:36.877000Z,2023-03-08T05:06:13.400000,2023-03-08T00:09:37.197221Z,991,C90GA43K,474,61,Female,Black,United States,United States,United States,English,No,Part-Time
6407ce632590e0080207ae21,62ce35b697d7d717edaeee58,APPROVED,2023-03-07T23:53:46.689000Z,2023-03-08T00:04:16.375000Z,2023-03-08T05:06:13.510000,2023-03-08T00:04:37.647858Z,630,C90GA43K,1230,41,Male,White,United States,United States,United States,English,No,"Not in paid work (e.g. homemaker', 'retired or disabled)"
6407ce634144f0b102cfbab7,592bb32c943e670001cde123,APPROVED,2023-03-07T23:53:07.387000Z,2023-03-08T00:29:37.023000Z,2023-03-08T05:06:13.617000,2023-03-08T00:29:37.394353Z,2190,C90GA43K,4721,38,Male,White,United States,United States,United States,English,No,Full-Time
6407ce638a0ea9b0e38e7f61,5e17dbfb555d170ea41059b7,APPROVED,2023-03-07T23:53:13.253000Z,2023-03-08T00:02:51.577000Z,2023-03-08T05:06:13.728000,2023-03-08T00:04:33.133628Z,579,C90GA43K,28,41,Female,White,United States,United States,United States,English,No,Part-Time
6407ce63cefef2ce69f1b40e,63052f20afc39e87110eb83e,APPROVED,2023-03-08T00:01:57.061000Z,2023-03-08T00:21:13.251000Z,2023-03-08T05:06:13.843000,2023-03-08T00:21:14.104358Z,1157,C90GA43K,584,45,Male,Black,Barbados,United States,United States,English,No,Unemployed (and job seeking)
6407ce660ab186902848e0c4,5ed2f70cae98302901c31d4f,APPROVED,2023-03-07T23:53:19.062000Z,2023-03-08T00:03:37.320000Z,2023-03-08T05:06:13.952000,2023-03-08T00:04:48.195254Z,619,C90GA43K,1708,44,Female,Mixed,Indonesia,United States,United States,DATA_EXPIRED,DATA_EXPIRED,DATA_EXPIRED
6407ce6628cec9acde61e635,6312503220c83c0fac50a090,APPROVED,2023-03-07T23:55:57.917000Z,2023-03-08T00:10:15.792000Z,2023-03-08T05:06:14.066000,2023-03-08T00:10:16.147425Z,858,C90GA43K,484,35,Male,Mixed,United States,United States,United States,English,No,Unemployed (and job seeking)
6407ce6637a6cd1ccfa115e5,5d4a6459061e2a000138bad3,APPROVED,2023-03-07T23:53:10.019000Z,2023-03-08T00:02:07.657000Z,2023-03-08T05:06:14.176000,2023-03-08T00:04:16.527232Z,538,C90GA43K,1563,46,Male,Mixed,United States,United States,United States,English,No,DATA_EXPIRED
6407ce67453da1f49213abc6,6400f5cdf2e479a5e4a4582a,APPROVED,2023-03-07T23:53:28.202000Z,2023-03-08T00:03:15.529000Z,2023-03-08T05:06:14.291000,2023-03-08T00:04:39.588462Z,588,C90GA43K,43,29,Male,White,United States,United States,United States,English,No,Unemployed (and job seeking)
6407ce674a0c3e7b5713abb7,5a9262251eda410001360b2c,APPROVED,2023-03-07T23:53:11.041000Z,2023-03-08T00:20:08.163000Z,2023-03-08T05:06:14.407000,2023-03-08T00:20:08.549628Z,1618,C90GA43K,3975,40,Female,Mixed,United States,United States,United States,English,No,Part-Time
6407ce678cdf2247102be61b,5e606b1eaf84e83c728748d7,APPROVED,2023-03-07T23:53:11.869000Z,2023-03-08T00:34:54.805000Z,2023-03-08T05:06:14.514000,2023-03-08T00:34:55.205941Z,2503,C90GA43K,4022,41,Male,White,United States,United States,United States,English,DATA_EXPIRED,Full-Time
6407ce682dc1e7af7cdc3324,63d450e65299070e04794960,APPROVED,2023-03-07T23:53:16.320000Z,2023-03-08T00:12:44.974000Z,2023-03-08T05:06:14.630000,2023-03-08T00:12:45.352220Z,1169,C90GA43K,198,47,Female,Black,United States,United States,United States,English,No,Unemployed (and job seeking)
6407ce684e966c7a81d499bf,62c4dbae8fb1ff9cd93a3150,APPROVED,2023-03-07T23:53:18.760000Z,2023-03-08T00:03:14.164000Z,2023-03-08T05:06:14.743000,2023-03-08T00:04:36.236661Z,596,C90GA43K,1253,40,Male,White,DATA_EXPIRED,United States,United States,English,DATA_EXPIRED,DATA_EXPIRED
6407ce6858c5a6d94aa48fea,62fba37f3560a85b4eb94aac,APPROVED,2023-03-07T23:53:18.468000Z,2023-03-08T00:22:21.162000Z,2023-03-08T05:06:14.856000,2023-03-08T00:22:21.601016Z,1743,C90GA43K,915,45,Male,White,United States,United States,United States,English,No,Full-Time
6407ce6858c5a6d94aa48fec,5fa4f94e535f3b1aa628e0ab,APPROVED,2023-03-07T23:53:12.564000Z,2023-03-08T00:08:04.610000Z,2023-03-08T05:06:14.962000,2023-03-08T00:08:04.973971Z,893,C90GA43K,3142,29,Male,Asian,United States,United States,United States,Vietnamese,DATA_EXPIRED,DATA_EXPIRED
6407ce68930734f6042c763b,5fd0dc0d8dae67016ed65a54,APPROVED,2023-03-07T23:53:12.379000Z,2023-03-08T00:00:17.613000Z,2023-03-08T05:06:15.088000,2023-03-08T00:01:07.292460Z,426,C90GA43K,1552,31,Male,White,United States,United States,United States,English,No,Full-Time
6407ce694a0c3e7b5713abb8,63b5cb851b4ecdfcf20e92bd,APPROVED,2023-03-07T23:53:24.845000Z,2023-03-08T00:04:57.179000Z,2023-03-08T05:06:15.213000,2023-03-08T00:04:59.909860Z,693,C90GA43K,402,50,Male,White,United States,United States,United States,English,No,"Not in paid work (e.g. homemaker', 'retired or disabled)"
6407ce699f0755f289c4c729,58380cb9f1faf8000129673a,APPROVED,2023-03-07T23:53:13.433000Z,2023-03-08T00:29:45.387000Z,2023-03-08T05:06:15.321000,2023-03-08T00:29:45.778612Z,2192,C90GA43K,357,28,Male,White,United States,United States,United States,English,No,Full-Time
6407ce69f8a9e111f7a54083,60d3740f31606cb50e49f00c,APPROVED,2023-03-07T23:53:16.821000Z,2023-03-08T00:01:00.515000Z,2023-03-08T05:06:15.431000,2023-03-08T00:03:13.640743Z,464,C90GA43K,3942,32,Male,White,United States,United States,United States,English,No,Full-Time
6407ce6a1163a6e386e9bfa4,63457059f383e9fd48fc3e90,APPROVED,2023-03-07T23:53:14.043000Z,2023-03-08T00:14:21.214000Z,2023-03-08T05:06:15.537000,2023-03-08T00:14:23.212213Z,1268,C90GA43K,782,30,Male,Mixed,United States,United States,United States,English,No,DATA_EXPIRED
6407ce6a3795ba478da54065,631e8c52a408a788b7e62e11,APPROVED,2023-03-07T23:53:18.976000Z,2023-03-08T00:03:32.926000Z,2023-03-08T05:06:15.649000,2023-03-08T00:04:39.623487Z,614,C90GA43K,36,29,Male,Mixed,United States,United States,United States,English,No,"Not in paid work (e.g. homemaker', 'retired or disabled)"
6407ce6adf414105e4b44d71,583b397f54686200010f1d20,APPROVED,2023-03-07T23:53:47.985000Z,2023-03-08T00:05:47.719000Z,2023-03-08T05:06:15.754000,2023-03-08T00:05:48.049047Z,720,C90GA43K,5776,51,Female,Black,United States,United States,United States,English,No,Full-Time
6407ce6ae557802259f1b3f7,631916ad7afacf6bf7b9a0f6,APPROVED,2023-03-07T23:56:17.201000Z,2023-03-08T00:08:22.402000Z,2023-03-08T05:06:15.863000,2023-03-08T00:08:22.735396Z,726,C90GA43K,1113,47,Male,White,United States,United States,United States,English,No,DATA_EXPIRED
6407ce6af44ba23d5e767930,5b72d1b972a6fc0001b2abc2,APPROVED,2023-03-07T23:53:14.626000Z,2023-03-08T00:03:29.339000Z,2023-03-08T05:06:15.967000,2023-03-08T00:04:42.638689Z,615,C90GA43K,2057,28,Male,White,United States,United States,United States,English,No,Full-Time
6407ce6b2b067e46e197e77c,614f297777d0d8f5e2a5b354,APPROVED,2023-03-07T23:53:20.589000Z,2023-03-08T00:10:09.931000Z,2023-03-08T05:06:16.080000,2023-03-08T00:10:10.352672Z,1010,C90GA43K,3018,65,Male,White,United States,United States,United States,English,No,"Not in paid work (e.g. homemaker', 'retired or disabled)"
6407ce6b4e966c7a81d499c1,5cbcfce214b3cb0015f03471,APPROVED,2023-03-07T23:53:22.755000Z,2023-03-08T00:04:51.539000Z,2023-03-08T05:06:16.184000,2023-03-08T00:04:55.539638Z,689,C90GA43K,4391,43,Male,White,United States,United States,United States,English,No,Full-Time
6407ce6b647785827b83a08b,5f467b0a0d1aef037515c8c9,APPROVED,2023-03-07T23:53:18.858000Z,2023-03-08T00:06:42.689000Z,2023-03-08T05:06:16.288000,2023-03-08T00:06:43.065247Z,804,C90GA43K,2336,40,Male,White,United States,United States,United States,English,No,Full-Time
6407ce6bb5406ca0e9e64efa,60fd6618f9a377f54dcdf318,APPROVED,2023-03-07T23:53:18.536000Z,2023-03-08T00:00:10.224000Z,2023-03-08T05:06:16.395000,2023-03-08T00:00:10.649948Z,412,C90GA43K,3039,36,Male,White,United States,United States,United States,English,Yes,Full-Time
6407ce6c26c6e8b15a792b83,63d82b2de40f94ceb14816cc,APPROVED,2023-03-07T23:53:16.120000Z,2023-03-08T00:08:27.282000Z,2023-03-08T05:06:16.506000,2023-03-08T00:08:28.439128Z,912,C90GA43K,196,30,Male,White,United States,United States,United States,English,No,Unemployed (and job seeking)
6407ce6cf4c0c80d9bf19b5c,5a6b4cd2d5d4cb0001d64740,APPROVED,2023-03-07T23:53:20.452000Z,2023-03-08T00:02:07.763000Z,2023-03-08T05:06:16.619000,2023-03-08T00:04:09.382208Z,528,C90GA43K,2564,33,Female,White,United States,United States,United States,English,No,Full-Time
6407ce6d1f2d08b7d72c75d4,62ff8aa20b2d8c0e359e9799,APPROVED,2023-03-07T23:53:27.138000Z,2023-03-08T00:05:28.512000Z,2023-03-08T05:06:16.725000,2023-03-08T00:05:28.851629Z,722,C90GA43K,875,49,Male,Asian,"Venezuela, Bolivarian Republic of",United States,United States,English,No,"Not in paid work (e.g. homemaker', 'retired or disabled)"
6407ce6d28cec9acde61e637,590f901cdcc7b30001eed302,APPROVED,2023-03-07T23:53:25.402000Z,2023-03-08T00:04:03.295000Z,2023-03-08T05:06:16.829000,2023-03-08T00:04:51.949188Z,638,C90GA43K,2120,40,Female,White,United States,United States,United States,English,No,Part-Time
6407ce6dab01f08318e80a6f,5d7e1ca541f88e0018d5b8bb,APPROVED,2023-03-07T23:53:17.743000Z,2023-03-08T00:02:45.372000Z,2023-03-08T05:06:16.939000,2023-03-08T00:04:31.164942Z,568,C90GA43K,75,34,Female,White,United States,United States,United States,English,No,Full-Time
6407ce6db40f5c54c7767965,5c8676deddda2d00012ad386,APPROVED,2023-03-07T23:53:22.132000Z,2023-03-08T00:05:24.327000Z,2023-03-08T05:06:17.044000,2023-03-08T00:05:24.716288Z,723,C90GA43K,2417,29,Male,White,United Kingdom,United States,United States,English,Yes,Full-Time
6407ce6df4c0c80d9bf19b5e,5ca3d57fa29412001687031e,APPROVED,2023-03-07T23:53:17.538000Z,2023-03-08T00:10:21.460000Z,2023-03-08T05:06:17.158000,2023-03-08T00:10:21.810943Z,1024,C90GA43K,4026,62,Male,White,United States,United States,United States,English,No,Full-Time
6407ce6e43d49d0f92cfba9a,63f0fb9941434d10e8e4909b,APPROVED,2023-03-07T23:53:18.329000Z,2023-03-08T00:19:46.568000Z,2023-03-08T05:06:17.262000,2023-03-08T00:19:47.020052Z,1589,C90GA43K,144,44,Male,Mixed,United States,United States,United States,English,No,Part-Time
6407ce6e930734f6042c763e,60c12fe6ca8c4aa6d0185190,APPROVED,2023-03-07T23:53:21.811000Z,2023-03-08T00:07:49.930000Z,2023-03-08T05:06:17.366000,2023-03-08T00:07:50.263756Z,869,C90GA43K,3593,38,Male,Black,United States,United States,United States,English,No,Full-Time
6407ce6ebd9e3fb95f83a09d,63d83a4301d86333a75c1738,APPROVED,2023-03-07T23:53:23.132000Z,2023-03-08T00:02:52.600000Z,2023-03-08T05:06:17.473000,2023-03-08T00:04:33.091390Z,570,C90GA43K,316,28,Male,Asian,United States,United States,United States,English,No,Full-Time
6407ce6fa37df03f2c214571,62926f5a375553f13d68bc92,APPROVED,2023-03-07T23:53:37.252000Z,2023-03-08T00:02:30.963000Z,2023-03-08T05:06:17.826000,2023-03-08T00:04:24.359499Z,534,C90GA43K,1661,59,Male,White,United States,United States,United States,English,DATA_EXPIRED,Full-Time
6407ce6fbce241e14d13ac39,64001c3e48013fca28465267,APPROVED,2023-03-07T23:53:19.847000Z,2023-03-08T00:05:35.084000Z,2023-03-08T05:06:17.934000,2023-03-08T00:05:35.478257Z,736,C90GA43K,71,48,Male,Black,United States,United States,United States,English,Yes,Full-Time
6407ce6fd3623ecb803c8488,627286792f25495f123cc27b,APPROVED,2023-03-07T23:53:19.590000Z,2023-03-08T00:03:50.716000Z,2023-03-08T05:06:18.042000,2023-03-08T00:04:59.237410Z,632,C90GA43K,1664,44,Male,Other,United States,United States,United States,English,No,Unemployed (and job seeking)
6407ce70172d91c94cdc32ca,633dbb46887d82536a9ee265,APPROVED,2023-03-07T23:53:25.122000Z,2023-03-08T00:06:04.344000Z,2023-03-08T05:06:18.148000,2023-03-08T00:06:04.714546Z,760,C90GA43K,1223,45,Male,White,United States,United States,United States,English,No,Full-Time
6407ce70462e009c5d1e6d5e,5ac16e870527ba0001c1f27e,APPROVED,2023-03-07T23:53:20.389000Z,2023-03-08T00:07:47.913000Z,2023-03-08T05:06:18.255000,2023-03-08T00:07:48.330412Z,868,C90GA43K,1506,41,Male,Black,United States,United States,United States,English,No,Full-Time
6407ce7076ca6a56298a7ea0,5cbe04b4f429ff00159de30e,APPROVED,2023-03-07T23:53:29.310000Z,2023-03-08T00:11:40.239000Z,2023-03-08T05:06:18.362000,2023-03-08T00:11:40.586765Z,1091,C90GA43K,4540,37,Female,Black,Zimbabwe,United States,United States,English,No,Full-Time
6407ce709f0755f289c4c72c,5c3399d8cb218a000176c6c6,APPROVED,2023-03-07T23:53:23.099000Z,2023-03-08T00:14:45.283000Z,2023-03-08T05:06:18.468000,2023-03-08T00:14:48.834378Z,1283,C90GA43K,4076,36,Male,White,United States,United States,United States,English,No,Full-Time
6407ce71178c7aa321e4527a,5ec9cf3ed4642d4ebb802b42,APPROVED,2023-03-07T23:53:25.873000Z,2023-03-08T00:03:21.157000Z,2023-03-08T05:06:18.577000,2023-03-08T00:04:37.757168Z,596,C90GA43K,1836,55,Male,White,United States,United States,United States,English,No,Full-Time
6407ce7217aca83ae361e68f,597fe89a1b41a20001749f57,APPROVED,2023-03-07T23:53:26.630000Z,2023-03-08T00:06:23.707000Z,2023-03-08T05:06:18.695000,2023-03-08T00:06:24.110818Z,778,C90GA43K,5433,44,Female,White,United States,United States,United States,English,No,Full-Time
6407ce7240ac23bda83c847a,611ab91a00baa062f55b86d8,APPROVED,2023-03-07T23:53:22.606000Z,2023-03-08T00:11:17.883000Z,2023-03-08T05:06:18.807000,2023-03-08T00:11:18.233922Z,1076,C90GA43K,1354,23,Female,Mixed,United States,United States,United States,English,No,DATA_EXPIRED
6407ce72b5c93b38704e17e1,62cc1f77c32651ff9d35a471,APPROVED,2023-03-07T23:53:27.564000Z,2023-03-08T00:18:13.961000Z,2023-03-08T05:06:18.935000,2023-03-08T00:18:14.343298Z,1487,C90GA43K,1152,36,Female,White,United States,United States,United States,English,No,Full-Time
6407ce732b2e52d02597e774,63d148b2255821a940922c1a,APPROVED,2023-03-07T23:55:52.776000Z,2023-03-08T00:12:33.011000Z,2023-03-08T05:06:19.057000,2023-03-08T00:12:33.413166Z,1001,C90GA43K,317,42,Male,White,United States,United States,United States,English,No,DATA_EXPIRED
6407ce732b2e52d02597e776,5ba98278d08ab20001c84f2b,APPROVED,2023-03-07T23:53:23.658000Z,2023-03-08T00:02:07.603000Z,2023-03-08T05:06:19.170000,2023-03-08T00:04:15.380796Z,524,C90GA43K,670,27,Male,Asian,United States,United States,United States,English,No,Full-Time
6407ce73481d9fd36fc00f47,5ce9c6df6b2b3d001a94b24f,APPROVED,2023-03-07T23:53:35.774000Z,2023-03-08T00:04:57.952000Z,2023-03-08T05:06:19.274000,2023-03-08T00:05:02.352938Z,683,C90GA43K,4723,48,Male,White,United States,United States,United States,English,DATA_EXPIRED,DATA_EXPIRED
6407ce73917d5ae8b1f07e08,61539b3fa541b182c0fadde1,APPROVED,2023-03-07T23:55:08.577000Z,2023-03-08T00:14:51.375000Z,2023-03-08T05:06:19.384000,2023-03-08T00:14:53.778832Z,1183,C90GA43K,2829,65,Female,White,Russian Federation,United States,United States,Russian,No,DATA_EXPIRED
6407ce73c431a66bd9931122,63d228d74dc841d4559ad87d,APPROVED,2023-03-07T23:55:08.380000Z,2023-03-08T00:03:34.783000Z,2023-03-08T05:06:19.496000,2023-03-08T00:04:38.041794Z,507,C90GA43K,218,32,Male,Asian,United States,United States,United States,English,No,Full-Time
6407ce74346182f78be452b3,5b92b49921e7200001f530a0,APPROVED,2023-03-07T23:53:29.835000Z,2023-03-08T00:01:38.201000Z,2023-03-08T05:06:19.609000,2023-03-08T00:03:49.201339Z,489,C90GA43K,1132,29,Female,White,United States,United States,United States,English,No,DATA_EXPIRED
6407ce760ab186902848e0c7,60fcd954f5ff1656599b53c9,APPROVED,2023-03-07T23:54:49.534000Z,2023-03-08T00:07:41.131000Z,2023-03-08T05:06:19.726000,2023-03-08T00:07:41.592563Z,772,C90GA43K,1283,37,Male,Black,United States,United States,United States,English,No,Full-Time
6407ce765addc67bf9cfba9b,63cc90d2bed7edb18c3fd155,APPROVED,2023-03-07T23:53:29.478000Z,2023-03-08T00:06:49.035000Z,2023-03-08T05:06:19.841000,2023-03-08T00:06:49.517025Z,800,C90GA43K,267,59,Female,White,United States,United States,United States,English,No,Other
6407ce7683ce372f71d49a1a,5afa19a4f856320001cf920f,APPROVED,2023-03-07T23:53:28.956000Z,2023-03-08T00:01:19.088000Z,2023-03-08T05:06:19.954000,2023-03-08T00:03:35.791371Z,471,C90GA43K,983,39,Male,White,United States,United States,United States,English,No,Full-Time
6407ce76b33cc00d42b44d93,5e6bdd2a3ea572199bb7f6b6,APPROVED,2023-03-07T23:54:07.545000Z,2023-03-08T00:17:02.124000Z,2023-03-08T05:06:20.068000,2023-03-08T00:17:02.507853Z,1375,C90GA43K,2710,62,Female,White,United States,United States,United States,English,No,DATA_EXPIRED
6407ce76fec2b6bdbb07adec,62728f0c68b9ecf571a2dbd4,APPROVED,2023-03-07T23:53:26.062000Z,2023-03-08T00:06:42.961000Z,2023-03-08T05:06:20.177000,2023-03-08T00:06:43.457168Z,797,C90GA43K,1962,39,Male,Mixed,United States,United States,United States,English,No,Full-Time
6407ce775b075dbc28df5dc0,6038754c27f8091c6c888f05,APPROVED,2023-03-07T23:53:38.500000Z,2023-03-08T00:07:46.657000Z,2023-03-08T05:06:20.290000,2023-03-08T00:07:46.993898Z,849,C90GA43K,1006,29,Female,Mixed,United States,United States,United States,English,No,Other
6407ce77cb3e2463b1d214e9,629e32cb3a519aff19a0b4cf,APPROVED,2023-03-07T23:53:49.812000Z,2023-03-08T00:03:05.454000Z,2023-03-08T05:06:20.397000,2023-03-08T00:04:35.471673Z,556,C90GA43K,1709,20,Male,Asian,United States,United States,United States,Chinese,Yes,Part-Time
6407ce77f90b413eefc4c6f6,5d82be0cf45ead000150f026,APPROVED,2023-03-07T23:53:31.708000Z,2023-03-08T00:04:54.799000Z,2023-03-08T05:06:20.504000,2023-03-08T00:04:55.291365Z,684,C90GA43K,4648,41,Male,White,United States,United States,United States,English,No,Full-Time
6407ce781fca9f44fcd21494,5c60a763dff4b30001aa98ee,APPROVED,2023-03-07T23:53:31.145000Z,2023-03-08T00:01:31.343000Z,2023-03-08T05:06:20.614000,2023-03-08T00:03:42.672131Z,481,C90GA43K,2547,48,Female,Asian,Japan,United States,United States,Japanese,No,Unemployed (and job seeking)
6407ce7875fb452ea41e6d8e,5d37d2861566530016a061de,APPROVED,2023-03-07T23:53:28.334000Z,2023-03-08T00:04:06.348000Z,2023-03-08T05:06:20.725000,2023-03-08T00:04:54.982050Z,639,C90GA43K,4191,45,Male,White,United States,United States,United States,Spanish,No,Full-Time
6407ce78dff40f9b0cf292a5,6112c911a83cc494df38b468,APPROVED,2023-03-07T23:53:32.110000Z,2023-03-08T00:01:10.644000Z,2023-03-08T05:06:20.835000,2023-03-08T00:03:18.812449Z,459,C90GA43K,1648,27,Female,Mixed,United States,United States,United States,English,No,Full-Time
6407ce78fc738f05dba54040,6361751dc446d0cb7b619da5,APPROVED,2023-03-07T23:53:28.864000Z,2023-03-08T00:04:07.282000Z,2023-03-08T05:06:20.945000,2023-03-08T00:04:38.889335Z,639,C90GA43K,887,30,Male,White,United States,United States,United States,English,No,Other
6407ce796ca61b34e7c00f5a,5ccc60abe787e000167f8143,APPROVED,2023-03-07T23:54:10.041000Z,2023-03-08T00:33:10.836000Z,2023-03-08T05:06:21.056000,2023-03-08T00:33:13.410313Z,2341,C90GA43K,1261,24,Male,White,United States,United States,United States,English,No,Other
6407ce799e832a61f2db5ba8,63e84a9ea3f6d5acdc598a6a,APPROVED,2023-03-07T23:54:01.395000Z,2023-03-08T00:07:25.400000Z,2023-03-08T05:06:21.162000,2023-03-08T00:07:25.978556Z,805,C90GA43K,146,30,Female,White,United States,United States,United States,English,No,Other
6407ce7a2e2694c0e6a115cc,63ea41179770f73a2f8e3fe1,APPROVED,2023-03-07T23:53:30.524000Z,2023-03-08T00:01:17.067000Z,2023-03-08T05:06:21.275000,2023-03-08T00:03:27.407380Z,467,C90GA43K,108,35,Male,Black,United States,United States,United States,English,No,Full-Time
6407ce7a43d49d0f92cfba9c,5ef4d8b87faaa00c0dea0c4e,APPROVED,2023-03-07T23:56:34.366000Z,2023-03-08T00:06:57.503000Z,2023-03-08T05:06:21.382000,2023-03-08T00:06:57.900803Z,624,C90GA43K,3598,57,Female,White,United States,United States,United States,English,No,Other
6407ce7ac431a66bd9931123,626af8ea8c93e250e03bfaa6,APPROVED,2023-03-07T23:53:30.954000Z,2023-03-08T00:12:09.318000Z,2023-03-08T05:06:21.493000,2023-03-08T00:12:09.787575Z,1119,C90GA43K,1400,52,Male,Mixed,United States,United States,United States,English,DATA_EXPIRED,DATA_EXPIRED
6407ce7b30ef0dd231e64f78,63d864bfc3bc732e26295c9c,APPROVED,2023-03-07T23:53:37.721000Z,2023-03-08T00:03:31.566000Z,2023-03-08T05:06:21.606000,2023-03-08T00:04:40.127951Z,594,C90GA43K,262,34,Male,Asian,United States,United States,United States,English,No,Other
6407ce7b741b434c2b767942,5bbd74b16f41680001ce5cdf,APPROVED,2023-03-07T23:53:37.799000Z,2023-03-08T00:03:19.662000Z,2023-03-08T05:06:21.712000,2023-03-08T00:04:37.813862Z,582,C90GA43K,751,44,Female,White,United States,United States,United States,English,No,Full-Time
6407ce7bd5873604be2c763b,5b690c1840003400016fdb4b,APPROVED,2023-03-07T23:53:35.813000Z,2023-03-08T00:02:04.888000Z,2023-03-08T05:06:21.818000,2023-03-08T00:04:10.786972Z,510,C90GA43K,1895,34,Female,White,United States,United States,United States,English,No,Full-Time
6407ce7c046e8354751e6d70,55beec67fdf99b6b670922f8,APPROVED,2023-03-07T23:53:32.296000Z,2023-03-08T00:04:07.440000Z,2023-03-08T05:06:21.922000,2023-03-08T00:04:53.612351Z,636,C90GA43K,728,37,Male,White,United States,United States,United States,English,No,Part-Time
6407ce7cbd65d2cc95931140,628e0063fa56e316da2a71cb,APPROVED,2023-03-07T23:53:36.358000Z,2023-03-08T00:11:06.345000Z,2023-03-08T05:06:22.033000,2023-03-08T00:11:06.781645Z,1050,C90GA43K,1433,48,Male,White,United States,United States,United States,English,No,Other
6407ce7cbfd3ed79a593111d,5db4f0b63e33f2000dd54016,APPROVED,2023-03-07T23:56:35.872000Z,2023-03-08T00:26:58.075000Z,2023-03-08T05:06:22.146000,2023-03-08T00:27:00.595134Z,1823,C90GA43K,4096,35,Female,White,United States,United States,United States,DATA_EXPIRED,DATA_EXPIRED,DATA_EXPIRED
6407ce7ccc8ff20af4192916,63d73bfc8765da5b8a06f465,APPROVED,2023-03-07T23:53:52.264000Z,2023-03-08T00:11:56.173000Z,2023-03-08T05:06:22.261000,2023-03-08T00:11:56.508757Z,1084,C90GA43K,218,40,Male,White,United States,United States,United States,English,No,Other
6407ce7e6be4326bb307add7,63ebb210456ad684e3fe6ded,APPROVED,2023-03-07T23:53:37.797000Z,2023-03-08T00:02:14.602000Z,2023-03-08T05:06:22.372000,2023-03-08T00:04:17.337650Z,517,C90GA43K,28,18,Male,Mixed,Peru,United States,United States,Spanish,Yes,DATA_EXPIRED
6407ce7f2590e0080207ae24,63106ea4e8fe9c6cd32bf358,APPROVED,2023-03-07T23:53:35.991000Z,2023-03-08T00:01:43.958000Z,2023-03-08T05:06:22.487000,2023-03-08T00:03:57.206018Z,488,C90GA43K,978,27,Male,Mixed,United States,United States,United States,English,No,DATA_EXPIRED
6407ce7f3189b53e65a9a756,6109dc13ff3d4be24267e74d,APPROVED,2023-03-07T23:53:38.504000Z,2023-03-08T00:04:54.238000Z,2023-03-08T05:06:22.599000,2023-03-08T00:04:55.819929Z,676,C90GA43K,218,22,Female,White,United States,United States,United States,English,No,DATA_EXPIRED
6407ce7f331e1644253a30a3,63cdf894c118ad4f84489c1a,APPROVED,2023-03-07T23:53:35.200000Z,2023-03-08T00:12:18.742000Z,2023-03-08T05:06:22.712000,2023-03-08T00:12:19.398493Z,1124,C90GA43K,279,49,Male,White,United States,United States,United States,English,Yes,Full-Time
6407ce7f69b34a6df2792b48,6365b5599c1775edb6d46be4,APPROVED,2023-03-07T23:53:45.302000Z,2023-03-08T00:05:06.831000Z,2023-03-08T05:06:22.825000,2023-03-08T00:05:07.195503Z,682,C90GA43K,504,24,Female,White,United States,United States,United States,English,Yes,Part-Time
6407ce7fd06d496f0e792b57,63e2e62c8158920782631eef,APPROVED,2023-03-07T23:53:35.432000Z,2023-03-08T00:01:19.717000Z,2023-03-08T05:06:22.934000,2023-03-08T00:03:26.651437Z,465,C90GA43K,80,29,Prefer not to say,White,United States,United States,United States,English,No,Part-Time
6407ce80178c7aa321e4527e,5dc483cf74939e34e55c3619,APPROVED,2023-03-07T23:53:36.780000Z,2023-03-08T00:05:00.471000Z,2023-03-08T05:06:23.038000,2023-03-08T00:05:01.112926Z,684,C90GA43K,4543,72,Male,White,United States,United States,United States,English,No,Part-Time
6407ce80655e41f68224a733,6384d848165f7e57de28607c,APPROVED,2023-03-07T23:53:40.584000Z,2023-03-08T00:15:42.704000Z,2023-03-08T05:06:23.144000,2023-03-08T00:15:43.055546Z,1323,C90GA43K,698,59,Male,White,United States,United States,United States,English,No,Full-Time
6407ce8069b34a6df2792b4a,633c74ad6178784ed5b52104,APPROVED,2023-03-07T23:53:36.382000Z,2023-03-08T00:01:32.265000Z,2023-03-08T05:06:23.260000,2023-03-08T00:03:45.267875Z,476,C90GA43K,1006,25,Male,Other,United States,United States,United States,English,Yes,Full-Time
6407ce80a1290db6e72145a1,63d15e1be853005ff591b935,APPROVED,2023-03-07T23:53:40.611000Z,2023-03-08T00:10:44.709000Z,2023-03-08T05:06:23.374000,2023-03-08T00:10:45.072107Z,1025,C90GA43K,302,43,Male,White,United States,United States,United States,English,No,DATA_EXPIRED
6407ce81b40f5c54c776796d,5ade6e74066c510001d43903,APPROVED,2023-03-07T23:58:12.917000Z,2023-03-08T00:11:08.171000Z,2023-03-08T05:06:23.484000,2023-03-08T00:11:08.450033Z,776,C90GA43K,4481,50,Male,Black,United States,United States,United States,English,No,Full-Time
6407ce81c61841e54cd214e0,6385145870ee943d400366ec,APPROVED,2023-03-07T23:54:06.326000Z,2023-03-08T00:05:27.223000Z,2023-03-08T05:06:23.590000,2023-03-08T00:05:27.614515Z,681,C90GA43K,748,23,Male,Black,United States,United States,United States,English,No,Full-Time
6407ce81f9a506543d8f2dad,634265d4ff46e9c74d9fe152,APPROVED,2023-03-07T23:53:58.045000Z,2023-03-08T00:17:21.552000Z,2023-03-08T05:06:23.701000,2023-03-08T00:17:21.942317Z,1404,C90GA43K,897,26,Male,Asian,United States,United States,United States,English,No,Unemployed (and job seeking)
6407ce821fca9f44fcd21496,628dfaf2fdd97303f3087572,APPROVED,2023-03-07T23:53:42.964000Z,2023-03-08T00:10:22.263000Z,2023-03-08T05:06:23.814000,2023-03-08T00:10:22.570848Z,1000,C90GA43K,973,32,Male,Mixed,United States,United States,United States,English,DATA_EXPIRED,Other
6407ce822b2e52d02597e778,639b9ab341f4429b1b3c06a2,APPROVED,2023-03-07T23:53:43.046000Z,2023-03-08T00:04:26.166000Z,2023-03-08T05:06:23.930000,2023-03-08T00:04:50.811006Z,644,C90GA43K,421,55,Male,White,United States,United States,United States,English,No,Other
6407ce82dd3d4a7b85db5b4b,63ea829db0ab927a007cacec,APPROVED,2023-03-07T23:53:42.491000Z,2023-03-08T00:01:16.219000Z,2023-03-08T05:06:24.043000,2023-03-08T00:03:23.521267Z,454,C90GA43K,123,19,Male,White,United States,United States,United States,English,Yes,DATA_EXPIRED
6407ceae9f5845b338db5baf,638b6287a17643211bf19e79,APPROVED,2023-03-07T23:54:27.590000Z,2023-03-08T00:06:20.508000Z,2023-03-08T05:06:24.159000,2023-03-08T00:06:20.854426Z,713,C90GA43K,673,52,Male,White,United States,United States,United States,English,No,Part-Time
6407cf085517e90b9f4e180c,5f2a12f5837dd81e5881b7cc,APPROVED,2023-03-07T23:56:09.497000Z,2023-03-08T00:11:12.975000Z,2023-03-08T05:06:24.269000,2023-03-08T00:11:13.404747Z,904,C90GA43K,3910,44,Male,White,United States,United States,United States,English,No,DATA_EXPIRED
6407cf66ede9de9b12a9a771,63edb585b71a1ea9dbe999e6,APPROVED,2023-03-07T23:57:26.808000Z,2023-03-08T00:34:16.716000Z,2023-03-08T05:06:24.380000,2023-03-08T00:34:17.084858Z,2210,CXXOHSAN,100,59,Male,White,United States,United States,United States,English,Yes,Full-Time
6407cf756a8cb93d72e80a87,6152152ee63e3fcd81cc961f,APPROVED,2023-03-07T23:57:46.762000Z,2023-03-08T00:09:18.937000Z,2023-03-08T05:06:24.487000,2023-03-08T00:09:19.305869Z,693,C90GA43K,2902,67,Male,White,United States,United States,United States,English,No,"Not in paid work (e.g. homemaker', 'retired or disabled)"
6407cfcd1fca9f44fcd214bc,63ed1d16cb4f814893353e97,APPROVED,2023-03-07T23:59:52.486000Z,2023-03-08T00:12:20.075000Z,2023-03-08T05:06:24.590000,2023-03-08T00:12:20.437906Z,748,C90GA43K,112,20,Male,Mixed,United States,United States,United States,English,No,"Not in paid work (e.g. homemaker', 'retired or disabled)"
6407d007fc738f05dba5405b,5b6c72f29dc5550001f8a514,APPROVED,2023-03-08T00:00:27.200000Z,2023-03-08T00:08:28.469000Z,2023-03-08T05:06:24.698000,2023-03-08T00:08:28.781565Z,482,C90GA43K,2652,38,Male,White,United States,United States,United States,English,No,Full-Time
6407d041b21393b45edb5b8d,62fd0bc538d70b87550691f7,APPROVED,2023-03-08T00:01:15.821000Z,2023-03-08T00:16:25.477000Z,2023-03-08T05:06:24.807000,2023-03-08T00:16:25.880817Z,910,C90GA43K,1298,59,Male,Black,Nigeria,United States,United States,English,Yes,Full-Time
6407d0bb647785827b83a0c5,63d572f61366709dbcc745a9,APPROVED,2023-03-08T00:03:09.655000Z,2023-03-08T00:10:33.862000Z,2023-03-08T05:06:24.916000,2023-03-08T00:10:34.235200Z,445,C90GA43K,308,37,Male,Mixed,United States,United States,United States,English,No,Full-Time
6407d0e43afdee7d2ba1158f,591d369e88bbb500013a8517,APPROVED,2023-03-08T00:11:26.432000Z,2023-03-08T00:26:07.876000Z,2023-03-08T05:06:25.017000,2023-03-08T00:26:09.320787Z,882,C90GA43K,3954,51,Male,White,United States,United States,United States,English,No,Full-Time
6407d0f602c1b395eeb44d7d,63d811906590fb193288cf36,APPROVED,2023-03-08T00:04:10.824000Z,2023-03-08T00:14:16.933000Z,2023-03-08T05:06:25.121000,2023-03-08T00:14:17.710861Z,607,C90GA43K,143,32,Male,Black,United States,United States,United States,English,No,DATA_EXPIRED
6407d0f68cdf2247102be65e,63da9470c3ccb842dd565745,APPROVED,2023-03-08T00:04:10.398000Z,2023-03-08T00:12:36.731000Z,2023-03-08T05:06:25.234000,2023-03-08T00:12:37.175308Z,507,C90GA43K,220,27,Male,White,United States,United States,United States,English,No,Full-Time
